dataset_type,video_name,min_cutoff,beta,d_cutoff,frame_count,noise_reduction,displacement_reduction,shoulder_velocity_retention
normal,20060723sfjffinallseriousness_run_f_cm_np2_ba_med_2.avi,1.0,0.007,1.0,48,24.639552828174395,75.0407981729639,14.39871307906793
normal,20060723sfjffjewcy_walk_f_cm_np1_ba_med_2.avi,1.0,0.007,1.0,49,61.37246803910199,75.17492868669828,16.916625942396436
normal,20060723sfjffjewcy_walk_f_nm_np1_fr_med_1.avi,1.0,0.007,1.0,74,44.41736337403396,78.35739298338436,18.78036990232306
normal,20060723sfjffjewgotmail_walk_f_cm_np2_ba_med_2.avi,1.0,0.007,1.0,48,0.4762082064479811,77.83718807927119,23.399396179246175
normal,20060723sfjffkillerskiss_walk_f_cm_np1_fr_med_1.avi,1.0,0.007,1.0,84,,,
normal,20060723sfjffschmoozer_walk_f_cm_np1_ri_med_1.avi,1.0,0.007,1.0,218,,,
normal,20060723sfjffschmoozer_walk_f_cm_np2_ri_med_0.avi,1.0,0.007,1.0,37,,,
normal,50_FIRST_DATES_run_f_nm_np1_ba_med_20.avi,1.0,0.007,1.0,79,6.090355811322379,72.32936365895975,32.063035022794814
normal,50_FIRST_DATES_walk_f_cm_np1_ri_med_31.avi,1.0,0.007,1.0,82,62.59932462126966,78.65438322272371,14.077278414428243
normal,50_FIRST_DATES_wave_f_cm_np1_fr_med_0.avi,1.0,0.007,1.0,50,,,
normal,A_Beautiful_Mind_6_walk_u_cm_np1_fr_med_1.avi,1.0,0.007,1.0,109,7.159182571838841,67.0067841954621,24.609922693317518
normal,AboutABoy_walk_f_nm_np1_le_med_5.avi,1.0,0.007,1.0,95,27.949145578800238,69.39799169609455,27.65865522068532
normal,American_History_X_run_u_cm_np1_ba_med_18.avi,1.0,0.007,1.0,88,-13.08337586048336,70.80547247755284,16.44379526872536
normal,American_History_X_sit_f_cm_np1_le_med_27.avi,1.0,0.007,1.0,98,8.578672134555775,62.52010445014913,27.960961035600242
normal,American_History_X_sit_u_cm_np1_fr_med_6.avi,1.0,0.007,1.0,84,41.89904309892689,76.1934964379954,19.885296171757876
normal,BLACK_HAWK_DOWN_run_f_nm_np1_ba_med_31.avi,1.0,0.007,1.0,48,,,
normal,BLACK_HAWK_DOWN_run_f_nm_np1_ba_med_32.avi,1.0,0.007,1.0,48,,,
normal,BLACK_HAWK_DOWN_run_f_nm_np1_ri_med_17.avi,1.0,0.007,1.0,21,82.66888831533272,82.66985909861305,17.32677874775086
normal,Bush_Wave_vs__Obama_Wave_and_Which_Commander-in-chief_Salutes_the_Best__You_Decide_wave_u_cm_np1_fr_med_0.avi,1.0,0.007,1.0,205,26.676053654424635,70.79091786795846,30.65249355070473
normal,Bush_Wave_vs__Obama_Wave_and_Which_Commander-in-chief_Salutes_the_Best__You_Decide_wave_u_cm_np1_fr_med_1.avi,1.0,0.007,1.0,84,52.109755791412894,79.39885168450023,19.130572469194462
normal,Bush_Wave_vs__Obama_Wave_and_Which_Commander-in-chief_Salutes_the_Best__You_Decide_wave_u_cm_np1_fr_med_3.avi,1.0,0.007,1.0,79,50.4590284642856,77.98412726432582,13.346165785889783
normal,Bush_Wave_vs__Obama_Wave_and_Which_Commander-in-chief_Salutes_the_Best__You_Decide_wave_u_cm_np1_fr_med_4.avi,1.0,0.007,1.0,79,30.016757028074213,56.11910848232103,37.07032450689536
normal,Bush_Wave_vs__Obama_Wave_and_Which_Commander-in-chief_Salutes_the_Best__You_Decide_wave_u_cm_np1_fr_med_5.avi,1.0,0.007,1.0,96,25.430979367905604,67.36620081331908,31.359754971573135
normal,CharlieAndTheChocolateFactory_sit_f_nm_np1_fr_med_3.avi,1.0,0.007,1.0,54,56.42243157344626,72.65787258113959,41.91073299666
normal,EVOLUTION_wave_u_nm_np1_fr_med_18.avi,1.0,0.007,1.0,101,-4.308158984785737,50.439837334060385,46.33478745805729
normal,Faith_Rewarded_run_f_cm_np1_le_med_16.avi,1.0,0.007,1.0,54,82.68029535266315,82.67539205132239,17.321723806485995
normal,KUNG_FU_HUSTLE_sit_f_nm_np1_fr_med_43.avi,1.0,0.007,1.0,79,48.188698062167624,82.13445378070023,9.585816353949598
normal,likebeckam_sit_f_cm_np1_ba_med_35.avi,1.0,0.007,1.0,50,55.01038877008146,80.51215994276771,14.881028278814323
normal,likebeckam_sit_f_cm_np1_fr_med_26.avi,1.0,0.007,1.0,50,52.22764989804504,75.24567677447241,16.777403459736327
normal,likebeckam_sit_f_cm_np1_le_med_28.avi,1.0,0.007,1.0,73,45.528737632977986,41.24006028095245,39.945383800751046
normal,likebeckam_sit_f_nm_np1_le_bad_29.avi,1.0,0.007,1.0,24,73.44740688757527,78.75846763170534,25.46883959238419
normal,LONGESTYARD_sit_f_nm_np1_ba_med_29.avi,1.0,0.007,1.0,47,48.60514927664259,81.43170410152302,16.73749187766322
normal,LONGESTYARD_sit_u_nm_np1_ba_med_8.avi,1.0,0.007,1.0,72,67.46689753205885,81.34119857077081,15.574893143611057
normal,Man_Who_Cheated_Himself_512kb_sit_u_cm_np1_fr_med_3.avi,1.0,0.007,1.0,77,-1.542795034192035,54.11368502064895,27.714152418186718
normal,MUSE_Wave_Goodbye_in_Wembley_wave_u_cm_np3_fr_med_1.avi,1.0,0.007,1.0,131,25.125794394716085,67.3422272695348,33.214029991917
normal,NOVA_ELEGANTUNIVERSE3_sit_f_nm_np1_fr_med_2.avi,1.0,0.007,1.0,53,17.032184398092365,74.6200002332677,16.513448928194084
normal,TheBoondockSaints_sit_f_cm_np1_ri_med_42.avi,1.0,0.007,1.0,78,9.437456319743765,69.53473091841973,23.60980694061533
normal,TrumanShow_sit_f_nm_np1_le_med_37.avi,1.0,0.007,1.0,49,46.84403748404089,74.15568867741985,17.401660712879632
fall,video (1).avi,1.0,0.007,1.0,157,6.797874568709606,51.647813819566714,50.282190285544445
fall,video (10).avi,1.0,0.007,1.0,312,11.821572547888138,46.99395169111481,53.01443016774202
fall,video (11).avi,1.0,0.007,1.0,312,22.174705730973475,47.93126116899524,52.36222150931358
fall,video (12).avi,1.0,0.007,1.0,216,21.959100473265668,56.729264256767244,47.72732387797263
fall,video (13).avi,1.0,0.007,1.0,240,9.572746867173777,51.643643053155444,40.760528036419615
fall,video (14).avi,1.0,0.007,1.0,288,36.358865232556106,54.34982680752385,47.14856827857597
fall,video (15).avi,1.0,0.007,1.0,593,1.3116304455309202,55.19483206261351,43.91455045006708
fall,video (16).avi,1.0,0.007,1.0,870,18.074680065395064,51.40764453174446,38.51151566436009
fall,video (17).avi,1.0,0.007,1.0,506,3.918461395492956,50.47154083354406,41.73211981344989
fall,video (18).avi,1.0,0.007,1.0,1052,2.8671846673296697,52.47737892799209,42.49253062659302
fall,video (19).avi,1.0,0.007,1.0,818,3.0604034728530793,53.95264555196935,54.301962492994186
fall,video (2).avi,1.0,0.007,1.0,306,0.27635918050050723,52.93529108823021,27.6935121090654
fall,video (20).avi,1.0,0.007,1.0,298,8.267995242468063,55.525823223384954,39.65384366199962
fall,video (21).avi,1.0,0.007,1.0,1130,17.136948112082806,52.74731148921457,43.92375841424326
fall,video (22).avi,1.0,0.007,1.0,987,12.876796434598713,47.575132631901894,51.44595197196954
fall,video (23).avi,1.0,0.007,1.0,1146,-0.26281721638941047,47.6715578714946,51.28656488695263
fall,video (24).avi,1.0,0.007,1.0,829,7.432754691150589,43.37433457544246,50.94999001107839
fall,video (25).avi,1.0,0.007,1.0,988,3.7720388819189266,49.96774033385487,59.434498273594095
fall,video (26).avi,1.0,0.007,1.0,499,4.725986715595354,47.17982448380348,51.39402193201838
fall,video (27).avi,1.0,0.007,1.0,811,-3.4728010256338093,49.71575535014723,49.2913892577884
fall,video (28).avi,1.0,0.007,1.0,505,-7.8395301402966355,43.52028618796495,51.66081458938345
fall,video (29).avi,1.0,0.007,1.0,1221,2.1578635963325543,45.47607892671166,52.9459761552569
fall,video (3).avi,1.0,0.007,1.0,304,-7.621909279369654,57.52230126915963,31.12248103101391
fall,video (30).avi,1.0,0.007,1.0,1247,3.6620823223386223,57.504161329570195,52.74889263989745
fall,video (4).avi,1.0,0.007,1.0,207,-5.302435854909193,56.1629805014803,34.98091792046585
fall,video (5).avi,1.0,0.007,1.0,181,3.176834526001937,58.366379595052976,35.609529535715026
fall,video (6).avi,1.0,0.007,1.0,239,1.1353048687677725,51.45453909680797,41.366160058469056
fall,video (7).avi,1.0,0.007,1.0,216,-3.684757154203755,41.43726547651545,59.894484051106645
fall,video (8).avi,1.0,0.007,1.0,285,7.199791313624737,46.10740638851891,76.28500104417958
fall,video (9).avi,1.0,0.007,1.0,336,1.942485973175856,47.41908579613578,61.48898214427102
normal,20060723sfjffinallseriousness_run_f_cm_np2_ba_med_2.avi,2.0,0.007,1.0,48,14.766349829457114,64.1969890714407,24.133405684603527
normal,20060723sfjffjewcy_walk_f_cm_np1_ba_med_2.avi,2.0,0.007,1.0,49,47.19762976714693,61.937424116682905,28.197633246166088
normal,20060723sfjffjewcy_walk_f_nm_np1_fr_med_1.avi,2.0,0.007,1.0,74,36.83014977297433,67.24266654602586,30.056643750292356
normal,20060723sfjffjewgotmail_walk_f_cm_np2_ba_med_2.avi,2.0,0.007,1.0,48,-1.0646830685348219,67.5732436304693,34.34611882330362
normal,20060723sfjffkillerskiss_walk_f_cm_np1_fr_med_1.avi,2.0,0.007,1.0,84,,,
normal,20060723sfjffschmoozer_walk_f_cm_np1_ri_med_1.avi,2.0,0.007,1.0,218,,,
normal,20060723sfjffschmoozer_walk_f_cm_np2_ri_med_0.avi,2.0,0.007,1.0,37,,,
normal,50_FIRST_DATES_run_f_nm_np1_ba_med_20.avi,2.0,0.007,1.0,79,6.559639305327103,59.58763010439768,41.49309667986087
normal,50_FIRST_DATES_walk_f_cm_np1_ri_med_31.avi,2.0,0.007,1.0,82,50.587993117799066,67.61936591274183,22.079103597715736
normal,50_FIRST_DATES_wave_f_cm_np1_fr_med_0.avi,2.0,0.007,1.0,50,,,
normal,A_Beautiful_Mind_6_walk_u_cm_np1_fr_med_1.avi,2.0,0.007,1.0,109,3.539630705584129,57.166807410970954,36.10573497926784
normal,AboutABoy_walk_f_nm_np1_le_med_5.avi,2.0,0.007,1.0,95,18.877745711439253,53.46838702574039,41.66962275096579
normal,American_History_X_run_u_cm_np1_ba_med_18.avi,2.0,0.007,1.0,88,-7.049010222171215,57.88068093078902,26.398165462187894
normal,American_History_X_sit_f_cm_np1_le_med_27.avi,2.0,0.007,1.0,98,4.530548313866845,52.616756069026614,42.042277320952365
normal,American_History_X_sit_u_cm_np1_fr_med_6.avi,2.0,0.007,1.0,84,34.094491840905214,62.103860543884124,29.530506561133503
normal,BLACK_HAWK_DOWN_run_f_nm_np1_ba_med_31.avi,2.0,0.007,1.0,48,,,
normal,BLACK_HAWK_DOWN_run_f_nm_np1_ba_med_32.avi,2.0,0.007,1.0,48,,,
normal,BLACK_HAWK_DOWN_run_f_nm_np1_ri_med_17.avi,2.0,0.007,1.0,21,70.46797119096546,70.46867653380163,29.52888049917142
normal,Bush_Wave_vs__Obama_Wave_and_Which_Commander-in-chief_Salutes_the_Best__You_Decide_wave_u_cm_np1_fr_med_0.avi,2.0,0.007,1.0,205,16.756969408188247,58.27312306003309,42.456663382261794
normal,Bush_Wave_vs__Obama_Wave_and_Which_Commander-in-chief_Salutes_the_Best__You_Decide_wave_u_cm_np1_fr_med_1.avi,2.0,0.007,1.0,84,41.5728875672205,66.36013710669219,33.077857123631446
normal,Bush_Wave_vs__Obama_Wave_and_Which_Commander-in-chief_Salutes_the_Best__You_Decide_wave_u_cm_np1_fr_med_3.avi,2.0,0.007,1.0,79,42.50061019842207,67.14798936633284,24.047953668928468
normal,Bush_Wave_vs__Obama_Wave_and_Which_Commander-in-chief_Salutes_the_Best__You_Decide_wave_u_cm_np1_fr_med_4.avi,2.0,0.007,1.0,79,14.733882805863285,44.054416231826835,48.967118122864555
normal,Bush_Wave_vs__Obama_Wave_and_Which_Commander-in-chief_Salutes_the_Best__You_Decide_wave_u_cm_np1_fr_med_5.avi,2.0,0.007,1.0,96,12.412000792745893,53.31352478651412,49.05767187098849
normal,CharlieAndTheChocolateFactory_sit_f_nm_np1_fr_med_3.avi,2.0,0.007,1.0,54,44.16793793956805,60.79860164959944,75.32172988344541
normal,EVOLUTION_wave_u_nm_np1_fr_med_18.avi,2.0,0.007,1.0,101,-2.519645194931086,37.09042758672961,53.51264436320725
normal,Faith_Rewarded_run_f_cm_np1_le_med_16.avi,2.0,0.007,1.0,54,70.47625940395281,70.47269672323954,29.52520767402288
normal,KUNG_FU_HUSTLE_sit_f_nm_np1_fr_med_43.avi,2.0,0.007,1.0,79,40.872014088666596,70.77683495250302,19.562182098000775
normal,likebeckam_sit_f_cm_np1_ba_med_35.avi,2.0,0.007,1.0,50,46.67840643425386,68.16461753670711,25.310636581785793
normal,likebeckam_sit_f_cm_np1_fr_med_26.avi,2.0,0.007,1.0,50,40.53143351524585,61.59605296536596,28.606476075519772
normal,likebeckam_sit_f_cm_np1_le_med_28.avi,2.0,0.007,1.0,73,35.25069642086789,28.596751586066237,54.70345116527622
normal,likebeckam_sit_f_nm_np1_le_bad_29.avi,2.0,0.007,1.0,24,59.853670831545315,65.85053004998585,39.056422152569205
normal,LONGESTYARD_sit_f_nm_np1_ba_med_29.avi,2.0,0.007,1.0,47,36.496492858035744,68.85590689333942,31.205239715196733
normal,LONGESTYARD_sit_u_nm_np1_ba_med_8.avi,2.0,0.007,1.0,72,57.08644455266554,68.24169950521781,25.714694288160533
normal,Man_Who_Cheated_Himself_512kb_sit_u_cm_np1_fr_med_3.avi,2.0,0.007,1.0,77,-1.4749664701516618,42.575547570901186,43.1708615161436
normal,MUSE_Wave_Goodbye_in_Wembley_wave_u_cm_np3_fr_med_1.avi,2.0,0.007,1.0,131,18.264649500420095,52.924873335059694,50.994560366170326
normal,NOVA_ELEGANTUNIVERSE3_sit_f_nm_np1_fr_med_2.avi,2.0,0.007,1.0,53,11.182301763116698,63.34971541823751,27.334810734903225
normal,TheBoondockSaints_sit_f_cm_np1_ri_med_42.avi,2.0,0.007,1.0,78,6.563078476401296,58.30726256861223,34.94712382664613
normal,TrumanShow_sit_f_nm_np1_le_med_37.avi,2.0,0.007,1.0,49,34.397191347201726,63.413626373502076,29.775019118734114
fall,video (1).avi,2.0,0.007,1.0,157,4.618996122986885,39.10870516450499,66.47013940444035
fall,video (10).avi,2.0,0.007,1.0,312,5.923975391153435,33.92133482857199,60.715743346865935
fall,video (11).avi,2.0,0.007,1.0,312,12.487409226236379,33.697261160256176,79.96884467578911
fall,video (12).avi,2.0,0.007,1.0,216,11.809816950752838,43.293149885460394,67.66389853162255
fall,video (13).avi,2.0,0.007,1.0,240,6.639526908736149,37.73749385894052,55.715769090847544
fall,video (14).avi,2.0,0.007,1.0,288,21.753858532254455,41.884158184492605,57.610706019408845
fall,video (15).avi,2.0,0.007,1.0,593,0.909219838723907,41.45160727102392,61.62204143065105
fall,video (16).avi,2.0,0.007,1.0,870,10.47362003379595,38.23681495072706,53.70984329372547
fall,video (17).avi,2.0,0.007,1.0,506,2.659365274062686,36.83434360736607,55.80144657714231
fall,video (18).avi,2.0,0.007,1.0,1052,1.3964294535563249,38.201596601029976,60.064166540921214
fall,video (19).avi,2.0,0.007,1.0,818,2.064431646914233,41.561187244252274,63.54415265102583
fall,video (2).avi,2.0,0.007,1.0,306,0.16786754648716595,41.60180345553265,42.12001464291641
fall,video (20).avi,2.0,0.007,1.0,298,3.6248594432934156,40.164662168392084,54.401935969231616
fall,video (21).avi,2.0,0.007,1.0,1130,9.38829078786857,39.636453110838666,61.88704217969363
fall,video (22).avi,2.0,0.007,1.0,987,6.8958372328093205,35.63119776981537,68.25646872439015
fall,video (23).avi,2.0,0.007,1.0,1146,-0.22642410061739504,36.82778897022594,61.22179215989306
fall,video (24).avi,2.0,0.007,1.0,829,4.0657038564458015,31.31994466098773,65.6005529193701
fall,video (25).avi,2.0,0.007,1.0,988,1.8231189609483778,38.92151708524975,69.05396820516818
fall,video (26).avi,2.0,0.007,1.0,499,2.6065426491368116,32.597265521793986,68.24629736942678
fall,video (27).avi,2.0,0.007,1.0,811,-1.2650923429992744,38.009468052385465,64.56815361205423
fall,video (28).avi,2.0,0.007,1.0,505,-4.33821476257561,32.049984145059895,64.04613284067024
fall,video (29).avi,2.0,0.007,1.0,1221,1.069336359933426,33.61147212912646,67.86405566325425
fall,video (3).avi,2.0,0.007,1.0,304,-3.979257232663036,46.35827894555411,46.27081411579883
fall,video (30).avi,2.0,0.007,1.0,1247,2.173266357581949,45.307119712413964,67.32078422454198
fall,video (4).avi,2.0,0.007,1.0,207,-2.311293186372132,41.61959679770787,48.135792996601964
fall,video (5).avi,2.0,0.007,1.0,181,1.79408200673713,45.42131668178596,53.34610356067011
fall,video (6).avi,2.0,0.007,1.0,239,1.0550202782014906,37.14102741162142,56.93332194454078
fall,video (7).avi,2.0,0.007,1.0,216,-2.0347059292644243,29.416716978186752,70.61892905103242
fall,video (8).avi,2.0,0.007,1.0,285,3.6635277623060514,34.0340048345251,87.94905694615473
fall,video (9).avi,2.0,0.007,1.0,336,0.401254787605676,36.12094551325412,71.57565153106333
normal,20060723sfjffinallseriousness_run_f_cm_np2_ba_med_2.avi,2.0,0.02,1.0,48,14.620879360544613,64.04129607396612,24.288190467477488
normal,20060723sfjffjewcy_walk_f_cm_np1_ba_med_2.avi,2.0,0.02,1.0,49,46.551676379569344,61.57559445251637,28.553678552407852
normal,20060723sfjffjewcy_walk_f_nm_np1_fr_med_1.avi,2.0,0.02,1.0,74,36.79402915223563,67.13827773417538,30.188939221997728
normal,20060723sfjffjewgotmail_walk_f_cm_np2_ba_med_2.avi,2.0,0.02,1.0,48,-1.065995500159156,67.50514891127858,34.403770077037805
normal,20060723sfjffkillerskiss_walk_f_cm_np1_fr_med_1.avi,2.0,0.02,1.0,84,,,
normal,20060723sfjffschmoozer_walk_f_cm_np1_ri_med_1.avi,2.0,0.02,1.0,218,,,
normal,20060723sfjffschmoozer_walk_f_cm_np2_ri_med_0.avi,2.0,0.02,1.0,37,,,
normal,50_FIRST_DATES_run_f_nm_np1_ba_med_20.avi,2.0,0.02,1.0,79,6.564204630922143,59.45447429036099,41.457446622461056
normal,50_FIRST_DATES_walk_f_cm_np1_ri_med_31.avi,2.0,0.02,1.0,82,50.45990308663188,67.44282641388614,22.285962219480933
normal,50_FIRST_DATES_wave_f_cm_np1_fr_med_0.avi,2.0,0.02,1.0,50,,,
normal,A_Beautiful_Mind_6_walk_u_cm_np1_fr_med_1.avi,2.0,0.02,1.0,109,3.5307626133427306,57.13992391774929,36.168239391847806
normal,AboutABoy_walk_f_nm_np1_le_med_5.avi,2.0,0.02,1.0,95,18.87103043611499,53.40428443133225,41.850735419667764
normal,American_History_X_run_u_cm_np1_ba_med_18.avi,2.0,0.02,1.0,88,-7.018988730347808,57.762873615841194,26.617248764745703
normal,American_History_X_sit_f_cm_np1_le_med_27.avi,2.0,0.02,1.0,98,4.508278575790737,52.53408451585988,42.17685479812618
normal,American_History_X_sit_u_cm_np1_fr_med_6.avi,2.0,0.02,1.0,84,33.206330858008485,61.11834454791041,30.134329375501284
normal,BLACK_HAWK_DOWN_run_f_nm_np1_ba_med_31.avi,2.0,0.02,1.0,48,,,
normal,BLACK_HAWK_DOWN_run_f_nm_np1_ba_med_32.avi,2.0,0.02,1.0,48,,,
normal,BLACK_HAWK_DOWN_run_f_nm_np1_ri_med_17.avi,2.0,0.02,1.0,21,70.44903417295139,70.45104867451535,29.541974725693663
normal,Bush_Wave_vs__Obama_Wave_and_Which_Commander-in-chief_Salutes_the_Best__You_Decide_wave_u_cm_np1_fr_med_0.avi,2.0,0.02,1.0,205,16.71416984343462,58.180621508148974,42.286648297376914
normal,Bush_Wave_vs__Obama_Wave_and_Which_Commander-in-chief_Salutes_the_Best__You_Decide_wave_u_cm_np1_fr_med_1.avi,2.0,0.02,1.0,84,38.34173396600454,62.79881306487711,36.356943868472165
normal,Bush_Wave_vs__Obama_Wave_and_Which_Commander-in-chief_Salutes_the_Best__You_Decide_wave_u_cm_np1_fr_med_3.avi,2.0,0.02,1.0,79,42.110690947803796,66.5511803932975,24.6618246894625
normal,Bush_Wave_vs__Obama_Wave_and_Which_Commander-in-chief_Salutes_the_Best__You_Decide_wave_u_cm_np1_fr_med_4.avi,2.0,0.02,1.0,79,14.719839083342478,44.029862103506105,49.020158308439306
normal,Bush_Wave_vs__Obama_Wave_and_Which_Commander-in-chief_Salutes_the_Best__You_Decide_wave_u_cm_np1_fr_med_5.avi,2.0,0.02,1.0,96,12.395553242837142,53.27382828095825,49.12460595702801
normal,CharlieAndTheChocolateFactory_sit_f_nm_np1_fr_med_3.avi,2.0,0.02,1.0,54,43.80351788253334,60.510969931498224,75.87243436737883
normal,EVOLUTION_wave_u_nm_np1_fr_med_18.avi,2.0,0.02,1.0,101,-2.515586954476978,37.07367154500777,53.51809545357672
normal,Faith_Rewarded_run_f_cm_np1_le_med_16.avi,2.0,0.02,1.0,54,70.47270725773146,70.4625308499342,29.531483711695422
normal,KUNG_FU_HUSTLE_sit_f_nm_np1_fr_med_43.avi,2.0,0.02,1.0,79,39.37596458685374,69.865718709427,20.476667575657522
normal,likebeckam_sit_f_cm_np1_ba_med_35.avi,2.0,0.02,1.0,50,46.002894415790585,67.42301131814206,25.86755529865512
normal,likebeckam_sit_f_cm_np1_fr_med_26.avi,2.0,0.02,1.0,50,39.68910963353585,60.86884507328658,28.97482251108197
normal,likebeckam_sit_f_cm_np1_le_med_28.avi,2.0,0.02,1.0,73,29.555026945358875,20.263815466617274,63.79777661169984
normal,likebeckam_sit_f_nm_np1_le_bad_29.avi,2.0,0.02,1.0,24,57.70855689687715,64.65373052925864,40.62033288405383
normal,LONGESTYARD_sit_f_nm_np1_ba_med_29.avi,2.0,0.02,1.0,47,36.294485975115755,68.6746972527924,31.480718833586124
normal,LONGESTYARD_sit_u_nm_np1_ba_med_8.avi,2.0,0.02,1.0,72,56.50662408852845,67.84439199030416,25.95965283821568
normal,Man_Who_Cheated_Himself_512kb_sit_u_cm_np1_fr_med_3.avi,2.0,0.02,1.0,77,-1.4755217177543578,42.54857434276753,43.229053157487364
normal,MUSE_Wave_Goodbye_in_Wembley_wave_u_cm_np3_fr_med_1.avi,2.0,0.02,1.0,131,18.133394009504265,52.605540507731206,51.47247371186929
normal,NOVA_ELEGANTUNIVERSE3_sit_f_nm_np1_fr_med_2.avi,2.0,0.02,1.0,53,11.16514726529736,63.311741077000946,27.378069530075404
normal,TheBoondockSaints_sit_f_cm_np1_ri_med_42.avi,2.0,0.02,1.0,78,6.558081420815154,58.25310437168469,35.05025837526303
normal,TrumanShow_sit_f_nm_np1_le_med_37.avi,2.0,0.02,1.0,49,34.35993970250563,63.28038179815203,30.0473897066232
fall,video (1).avi,2.0,0.02,1.0,157,4.598088996820648,39.02295001474534,66.844500761497
fall,video (10).avi,2.0,0.02,1.0,312,5.903045854775513,33.86368885876531,60.80191741260952
fall,video (11).avi,2.0,0.02,1.0,312,12.43285165136071,33.62316119650674,80.2634210452298
fall,video (12).avi,2.0,0.02,1.0,216,11.773979235735466,43.25339163778064,67.77199264869284
fall,video (13).avi,2.0,0.02,1.0,240,6.621145797793693,37.709265666397485,55.760472577314324
fall,video (14).avi,2.0,0.02,1.0,288,21.724447120994682,41.85795973777567,57.69101096954371
fall,video (15).avi,2.0,0.02,1.0,593,0.9190202169623407,41.3939562743764,61.64852746918432
fall,video (16).avi,2.0,0.02,1.0,870,10.377146421903882,38.169591285302985,54.03836735321968
fall,video (17).avi,2.0,0.02,1.0,506,2.663399750018014,36.78606397101417,55.84173858601355
fall,video (18).avi,2.0,0.02,1.0,1052,1.3951814893782055,38.15590226491054,60.0486305947454
fall,video (19).avi,2.0,0.02,1.0,818,2.0653170942416255,41.533224857143225,63.558887735711224
fall,video (2).avi,2.0,0.02,1.0,306,0.16766581575515804,41.565661370342276,42.1510207117278
fall,video (20).avi,2.0,0.02,1.0,298,3.619312290660459,40.098203245862905,54.46356131309982
fall,video (21).avi,2.0,0.02,1.0,1130,9.292590329476392,39.58229525335892,62.21104278987845
fall,video (22).avi,2.0,0.02,1.0,987,6.835860602028299,35.579115604891896,68.45662287080872
fall,video (23).avi,2.0,0.02,1.0,1146,-0.22299716979903295,36.63900988340969,61.25354829671288
fall,video (24).avi,2.0,0.02,1.0,829,4.060264508739497,31.28466872177713,65.64184220115382
fall,video (25).avi,2.0,0.02,1.0,988,1.8192048987910492,38.8747446995532,69.14392532302033
fall,video (26).avi,2.0,0.02,1.0,499,2.6050785641207552,32.555456219109104,68.33328021937255
fall,video (27).avi,2.0,0.02,1.0,811,-1.2301030400454493,37.94949440116234,64.6258867769004
fall,video (28).avi,2.0,0.02,1.0,505,-4.306790255480375,31.971842041556908,63.39363829179921
fall,video (29).avi,2.0,0.02,1.0,1221,1.068660572647795,33.58493252469067,68.05655256166555
fall,video (3).avi,2.0,0.02,1.0,304,-3.953179069316981,46.28235197259472,46.35159160777763
fall,video (30).avi,2.0,0.02,1.0,1247,2.171631587965095,45.15573721318225,67.30784445191945
fall,video (4).avi,2.0,0.02,1.0,207,-2.277020438236943,41.54193388463383,48.174732662559
fall,video (5).avi,2.0,0.02,1.0,181,1.7813778517625556,45.31939906290465,53.50125577890073
fall,video (6).avi,2.0,0.02,1.0,239,1.0561288858175422,37.08008352913586,57.08064240365294
fall,video (7).avi,2.0,0.02,1.0,216,-2.029657527605777,29.36683004171954,70.65951821792305
fall,video (8).avi,2.0,0.02,1.0,285,3.643881446708852,33.93368106663678,88.01645398905885
fall,video (9).avi,2.0,0.02,1.0,336,0.37283777038527033,36.023988237046,71.60708959067998
normal,20060723sfjffinallseriousness_run_f_cm_np2_ba_med_2.avi,3.0,0.02,1.0,48,11.089345275733287,56.35490604498066,31.266541192613616
normal,20060723sfjffjewcy_walk_f_cm_np1_ba_med_2.avi,3.0,0.02,1.0,49,38.001354793147094,53.09589525985334,32.00501536897887
normal,20060723sfjffjewcy_walk_f_nm_np1_fr_med_1.avi,3.0,0.02,1.0,74,31.83037484984509,59.149072614397966,37.99461627326183
normal,20060723sfjffjewgotmail_walk_f_cm_np2_ba_med_2.avi,3.0,0.02,1.0,48,-0.8775916073131329,59.79406812442427,42.27746350912028
normal,20060723sfjffkillerskiss_walk_f_cm_np1_fr_med_1.avi,3.0,0.02,1.0,84,,,
normal,20060723sfjffschmoozer_walk_f_cm_np1_ri_med_1.avi,3.0,0.02,1.0,218,,,
normal,20060723sfjffschmoozer_walk_f_cm_np2_ri_med_0.avi,3.0,0.02,1.0,37,,,
normal,50_FIRST_DATES_run_f_nm_np1_ba_med_20.avi,3.0,0.02,1.0,79,6.286134807776078,50.69799206127467,44.27538781291388
normal,50_FIRST_DATES_walk_f_cm_np1_ri_med_31.avi,3.0,0.02,1.0,82,43.387245014319,59.677164681033965,29.573916401543155
normal,50_FIRST_DATES_wave_f_cm_np1_fr_med_0.avi,3.0,0.02,1.0,50,,,
normal,A_Beautiful_Mind_6_walk_u_cm_np1_fr_med_1.avi,3.0,0.02,1.0,109,2.3996598852211948,50.48204663033559,41.00316866665537
normal,AboutABoy_walk_f_nm_np1_le_med_5.avi,3.0,0.02,1.0,95,14.722053584677619,44.04546783278131,51.816600628952024
normal,American_History_X_run_u_cm_np1_ba_med_18.avi,3.0,0.02,1.0,88,-4.593624183174816,49.57354396397113,36.26789165684752
normal,American_History_X_sit_f_cm_np1_le_med_27.avi,3.0,0.02,1.0,98,3.1376991249732034,46.273933397977174,50.35126237458214
normal,American_History_X_sit_u_cm_np1_fr_med_6.avi,3.0,0.02,1.0,84,27.943091845629965,51.6348113412347,43.18065147106644
normal,BLACK_HAWK_DOWN_run_f_nm_np1_ba_med_31.avi,3.0,0.02,1.0,48,,,
normal,BLACK_HAWK_DOWN_run_f_nm_np1_ba_med_32.avi,3.0,0.02,1.0,48,,,
normal,BLACK_HAWK_DOWN_run_f_nm_np1_ri_med_17.avi,3.0,0.02,1.0,21,61.39091992828205,61.39244961193634,38.602252547877654
normal,Bush_Wave_vs__Obama_Wave_and_Which_Commander-in-chief_Salutes_the_Best__You_Decide_wave_u_cm_np1_fr_med_0.avi,3.0,0.02,1.0,205,12.288348953972328,50.05042484671335,47.0157229739545
normal,Bush_Wave_vs__Obama_Wave_and_Which_Commander-in-chief_Salutes_the_Best__You_Decide_wave_u_cm_np1_fr_med_1.avi,3.0,0.02,1.0,84,33.3899278620242,53.620493615577324,45.22239844205412
normal,Bush_Wave_vs__Obama_Wave_and_Which_Commander-in-chief_Salutes_the_Best__You_Decide_wave_u_cm_np1_fr_med_3.avi,3.0,0.02,1.0,79,36.46838178415861,58.87261091094833,32.75070587847414
normal,Bush_Wave_vs__Obama_Wave_and_Which_Commander-in-chief_Salutes_the_Best__You_Decide_wave_u_cm_np1_fr_med_4.avi,3.0,0.02,1.0,79,9.15695166883802,36.717024525493514,58.10410569252041
normal,Bush_Wave_vs__Obama_Wave_and_Which_Commander-in-chief_Salutes_the_Best__You_Decide_wave_u_cm_np1_fr_med_5.avi,3.0,0.02,1.0,96,7.756156162367544,44.74185330033477,58.713595944506935
normal,CharlieAndTheChocolateFactory_sit_f_nm_np1_fr_med_3.avi,3.0,0.02,1.0,54,36.80723361846068,52.92022936100197,87.93204648727503
normal,EVOLUTION_wave_u_nm_np1_fr_med_18.avi,3.0,0.02,1.0,101,-1.7839056583740076,30.480963387858807,60.32198846348984
normal,Faith_Rewarded_run_f_cm_np1_le_med_16.avi,3.0,0.02,1.0,54,61.40889590382166,61.40116857855984,38.594286383651834
normal,KUNG_FU_HUSTLE_sit_f_nm_np1_fr_med_43.avi,3.0,0.02,1.0,79,34.62433042747583,61.674178711639286,29.93483675739658
normal,likebeckam_sit_f_cm_np1_ba_med_35.avi,3.0,0.02,1.0,50,39.807881629670824,58.768549169086185,33.78265324921417
normal,likebeckam_sit_f_cm_np1_fr_med_26.avi,3.0,0.02,1.0,50,33.16048638180755,52.06753879441214,37.12165408043366
normal,likebeckam_sit_f_cm_np1_le_med_28.avi,3.0,0.02,1.0,73,24.98811565113336,16.14645345529745,67.95599582136703
normal,likebeckam_sit_f_nm_np1_le_bad_29.avi,3.0,0.02,1.0,24,48.75286225300537,55.962823878629145,48.74799146947451
normal,LONGESTYARD_sit_f_nm_np1_ba_med_29.avi,3.0,0.02,1.0,47,29.57943798226832,59.76859229665399,41.68525011188491
normal,LONGESTYARD_sit_u_nm_np1_ba_med_8.avi,3.0,0.02,1.0,72,49.21061070968816,58.444445049965154,33.30074959404857
normal,Man_Who_Cheated_Himself_512kb_sit_u_cm_np1_fr_med_3.avi,3.0,0.02,1.0,77,-1.1499703784721094,35.76986344862429,52.19245342227944
normal,MUSE_Wave_Goodbye_in_Wembley_wave_u_cm_np3_fr_med_1.avi,3.0,0.02,1.0,131,14.39564003653192,44.36960883908003,60.028415256237025
normal,NOVA_ELEGANTUNIVERSE3_sit_f_nm_np1_fr_med_2.avi,3.0,0.02,1.0,53,8.954155837417932,55.97906266810462,34.89404370452258
normal,TheBoondockSaints_sit_f_cm_np1_ri_med_42.avi,3.0,0.02,1.0,78,5.239824305494622,50.43209494841832,42.64141443563283
normal,TrumanShow_sit_f_nm_np1_le_med_37.avi,3.0,0.02,1.0,49,27.789671417170105,55.617113808710414,39.32332115437496
fall,video (1).avi,3.0,0.02,1.0,157,3.502112484451647,32.32264044551185,75.52987149152246
fall,video (10).avi,3.0,0.02,1.0,312,3.930494768822912,26.94392503774158,71.23413887589152
fall,video (11).avi,3.0,0.02,1.0,312,8.616483397808983,26.609413961113138,91.56908721668935
fall,video (12).avi,3.0,0.02,1.0,216,7.987654115331544,35.70541274341424,77.32869377465961
fall,video (13).avi,3.0,0.02,1.0,240,5.073544008107755,30.698502371016158,62.976759515447064
fall,video (14).avi,3.0,0.02,1.0,288,15.155151418681257,34.77556596378437,67.59418871973055
fall,video (15).avi,3.0,0.02,1.0,593,0.700774935960069,33.818897119483836,70.51849801124888
fall,video (16).avi,3.0,0.02,1.0,870,7.422447289174672,31.257372578559885,61.045364934895666
fall,video (17).avi,3.0,0.02,1.0,506,1.9622242052254601,29.973235232089223,64.13072998802996
fall,video (18).avi,3.0,0.02,1.0,1052,0.8996953377832018,30.987309506163218,64.31061370019748
fall,video (19).avi,3.0,0.02,1.0,818,1.545664647672551,34.660726284211286,70.73547956232326
fall,video (2).avi,3.0,0.02,1.0,306,0.153061393577969,34.97857399726399,50.197869972414956
fall,video (20).avi,3.0,0.02,1.0,298,2.15851048954141,32.00857800712708,62.9815341179056
fall,video (21).avi,3.0,0.02,1.0,1130,6.411861292906851,32.474836195036296,71.08033882002042
fall,video (22).avi,3.0,0.02,1.0,987,4.655629463011501,29.192535871993584,75.42654085699566
fall,video (23).avi,3.0,0.02,1.0,1146,-0.17964151743108392,31.035126780751565,64.5180473743618
fall,video (24).avi,3.0,0.02,1.0,829,2.792011755987023,25.2831141216762,71.95955068096809
fall,video (25).avi,3.0,0.02,1.0,988,1.1931215208195622,32.830141365890405,76.11164398420132
fall,video (26).avi,3.0,0.02,1.0,499,1.79919169778735,25.477438004444895,78.74746017786289
fall,video (27).avi,3.0,0.02,1.0,811,-0.6726157399036925,31.516318833320213,74.64206768157328
fall,video (28).avi,3.0,0.02,1.0,505,-3.030501893786819,25.92739499196811,70.53670969071845
fall,video (29).avi,3.0,0.02,1.0,1221,0.7036569925716107,27.6039596244839,75.06474305990297
fall,video (3).avi,3.0,0.02,1.0,304,-2.636336363110181,39.41776782746862,54.62562839944094
fall,video (30).avi,3.0,0.02,1.0,1247,1.5867926602673776,38.24383088257961,73.8618070304318
fall,video (4).avi,3.0,0.02,1.0,207,-1.2452311469313138,33.88700326082093,52.12939398108779
fall,video (5).avi,3.0,0.02,1.0,181,1.302238809777756,37.76687637674442,63.06503441623491
fall,video (6).avi,3.0,0.02,1.0,239,0.8626572100363439,29.715811150284686,67.36612873408957
fall,video (7).avi,3.0,0.02,1.0,216,-1.3797546658027127,23.554093216456838,76.1301342700324
fall,video (8).avi,3.0,0.02,1.0,285,2.4195883411487373,27.885622374158036,90.28799026728016
fall,video (9).avi,3.0,0.02,1.0,336,0.12982187629744235,30.0485157825474,79.05069325354354
