frame_id,person_id,bbox_center_x,bbox_center_y,bbox_width,bbox_height
1,1,410.5,526.5,79.0,235.0
1,2,139.0,669.5,76.0,243.0
1,3,1769.5,567.0,73.0,220.0
1,4,1132.5,1029.5,71.0,99.0
1,5,1401.5,693.0,89.0,244.0
1,6,20.5,979.5,41.0,197.0
1,7,259.5,496.0,63.0,194.0
1,8,1133.0,298.5,56.0,179.0
2,1,411.0,526.5,80.0,237.0
2,2,139.0,669.5,76.0,243.0
2,3,1768.5,567.0,73.0,220.0
2,4,1134.5,1029.5,71.0,99.0
2,5,1400.0,692.5,88.0,243.0
2,7,270.0,494.5,66.0,201.0
2,8,1127.0,298.5,56.0,179.0
3,1,411.0,527.0,80.0,240.0
3,2,138.5,669.5,77.0,243.0
3,3,1767.5,566.5,73.0,221.0
3,4,1138.0,1029.0,72.0,100.0
3,5,1400.0,692.0,88.0,242.0
3,8,1121.5,299.0,57.0,180.0
3,9,575.0,235.5,56.0,181.0
4,1,411.5,528.0,81.0,240.0
4,2,139.0,669.5,76.0,243.0
4,3,1766.5,565.0,73.0,222.0
4,4,1141.0,1028.0,72.0,102.0
4,5,1400.0,692.0,88.0,242.0
4,6,20.5,977.0,41.0,200.0
4,8,1116.5,296.5,57.0,181.0
4,9,574.5,235.5,55.0,181.0
5,1,413.5,528.0,81.0,240.0
5,2,138.5,670.0,77.0,244.0
5,3,1766.0,564.5,74.0,221.0
5,4,1145.5,1027.5,73.0,103.0
5,5,1401.0,692.0,88.0,242.0
5,6,21.0,974.0,42.0,202.0
5,8,1112.5,296.0,59.0,182.0
5,9,573.0,236.0,56.0,180.0
5,10,822.5,236.0,65.0,172.0
6,1,414.0,526.5,80.0,239.0
6,2,139.0,670.0,76.0,244.0
6,3,1764.5,565.5,75.0,223.0
6,4,1149.0,1027.0,72.0,102.0
6,5,1401.5,693.0,89.0,242.0
6,6,21.5,972.0,43.0,204.0
6,8,1107.0,295.5,60.0,181.0
6,9,573.0,237.0,56.0,182.0
6,10,822.0,236.0,66.0,172.0
7,1,414.5,525.0,81.0,240.0
7,2,138.0,670.0,76.0,244.0
7,3,1764.5,565.0,73.0,220.0
7,4,1152.0,1027.0,72.0,102.0
7,5,1401.0,693.0,88.0,242.0
7,6,21.5,971.0,43.0,206.0
7,8,1102.5,297.0,61.0,176.0
7,10,821.5,235.5,67.0,175.0
8,1,415.0,522.5,80.0,239.0
8,2,138.5,670.0,77.0,244.0
8,3,1763.5,561.5,71.0,211.0
8,4,1154.5,1026.0,73.0,102.0
8,5,1401.0,693.0,88.0,242.0
8,6,22.0,970.5,44.0,209.0
8,8,1100.0,298.0,62.0,172.0
9,1,416.0,520.0,80.0,238.0
9,2,139.0,669.5,76.0,243.0
9,3,1763.0,559.5,70.0,207.0
9,4,1157.0,1027.0,72.0,102.0
9,5,1401.0,692.5,88.0,241.0
9,6,22.5,970.0,45.0,212.0
9,8,1098.0,298.5,64.0,171.0
10,1,417.0,518.0,80.0,240.0
10,2,139.0,669.5,76.0,243.0
10,3,1762.0,561.0,72.0,210.0
10,4,1160.0,1027.0,72.0,102.0
10,5,1400.0,692.5,88.0,241.0
10,6,22.5,970.5,45.0,215.0
10,8,1097.0,297.5,68.0,171.0
11,1,418.0,514.5,80.0,237.0
11,2,138.5,669.5,75.0,243.0
11,3,1761.0,561.0,70.0,206.0
11,4,1163.0,1026.5,72.0,103.0
11,5,1400.0,692.5,88.0,241.0
11,6,22.5,969.5,45.0,217.0
12,1,418.5,512.0,79.0,236.0
12,2,138.5,669.0,75.0,242.0
12,3,1760.0,562.0,70.0,206.0
12,4,1165.5,1026.5,71.0,103.0
12,5,1400.5,692.0,89.0,242.0
12,10,821.5,235.5,67.0,177.0
13,1,418.5,509.0,79.0,234.0
13,2,139.0,669.5,76.0,243.0
13,3,1760.0,562.0,70.0,206.0
13,4,1167.5,1026.0,71.0,104.0
13,5,1400.5,692.5,87.0,241.0
14,1,418.5,507.5,79.0,231.0
14,2,139.0,669.5,76.0,243.0
14,3,1759.5,562.0,71.0,208.0
14,4,1170.5,1026.0,71.0,104.0
14,5,1400.0,692.5,88.0,241.0
15,1,419.0,506.0,78.0,230.0
15,2,139.5,669.5,77.0,243.0
15,3,1759.5,561.5,71.0,209.0
15,4,1171.0,1025.5,70.0,105.0
15,5,1399.5,691.0,87.0,238.0
16,1,418.5,505.5,79.0,231.0
16,2,139.0,670.0,76.0,244.0
16,3,1760.0,561.5,70.0,207.0
16,4,1174.5,1025.5,69.0,105.0
16,5,1399.5,691.5,87.0,241.0
16,10,821.5,235.0,67.0,176.0
17,1,419.5,505.0,79.0,232.0
17,2,139.0,669.5,76.0,245.0
17,3,1760.0,561.5,72.0,211.0
17,4,1177.5,1025.5,69.0,105.0
17,5,1399.5,691.5,87.0,241.0
17,10,821.0,234.5,68.0,175.0
17,12,1644.5,336.0,63.0,176.0
17,6,24.0,959.0,48.0,228.0
18,1,420.0,505.5,80.0,235.0
18,2,139.0,669.5,76.0,245.0
18,3,1760.0,561.0,72.0,212.0
18,4,1179.5,1025.5,67.0,105.0
18,5,1399.5,691.5,87.0,241.0
18,10,822.0,234.5,68.0,177.0
18,12,1643.0,336.0,64.0,182.0
18,6,24.5,958.0,49.0,230.0
19,1,420.5,505.0,81.0,236.0
19,2,139.0,669.5,76.0,245.0
19,3,1760.0,562.0,72.0,210.0
19,4,1181.0,1025.0,66.0,104.0
19,5,1399.5,691.5,87.0,241.0
19,10,821.0,234.5,68.0,177.0
19,12,1640.0,336.5,66.0,185.0
19,6,25.5,957.5,49.0,231.0
20,1,420.5,505.0,81.0,238.0
20,2,139.0,669.5,76.0,245.0
20,3,1760.0,561.5,72.0,209.0
20,4,1182.5,1025.5,65.0,103.0
20,5,1399.5,692.0,87.0,242.0
20,10,821.0,235.0,68.0,176.0
20,12,1640.5,334.5,63.0,179.0
20,6,26.0,957.0,50.0,232.0
20,9,558.5,250.5,59.0,189.0
21,1,420.5,504.0,81.0,238.0
21,2,139.0,670.0,76.0,244.0
21,3,1760.0,561.5,72.0,209.0
21,4,1184.0,1025.5,64.0,103.0
21,5,1400.0,691.5,86.0,241.0
21,10,821.5,235.0,67.0,174.0
21,12,1638.5,335.0,63.0,178.0
21,6,26.0,957.5,50.0,233.0
21,9,557.5,251.0,59.0,190.0
22,1,421.0,503.5,82.0,237.0
22,2,139.0,670.0,76.0,244.0
22,3,1760.0,561.0,72.0,208.0
22,4,1185.5,1025.5,63.0,103.0
22,5,1400.5,691.5,87.0,241.0
22,10,821.5,235.5,67.0,175.0
22,12,1637.5,335.0,63.0,178.0
22,6,26.5,957.0,51.0,234.0
22,9,556.5,251.0,59.0,188.0
23,1,420.5,503.0,81.0,238.0
23,2,139.0,670.0,76.0,244.0
23,3,1759.5,561.0,71.0,208.0
23,4,1186.0,1025.5,64.0,103.0
23,5,1400.0,691.5,86.0,241.0
23,10,821.5,235.5,67.0,175.0
23,12,1635.5,334.0,63.0,178.0
23,6,26.5,955.0,51.0,232.0
24,1,421.0,502.5,80.0,237.0
24,2,139.0,670.0,76.0,244.0
24,3,1759.5,562.0,71.0,208.0
24,4,1187.5,1026.0,63.0,104.0
24,5,1400.0,691.5,86.0,241.0
24,10,821.5,235.0,67.0,174.0
24,12,1634.0,334.0,64.0,180.0
24,6,27.0,953.0,52.0,234.0
25,1,421.0,501.0,80.0,236.0
25,2,139.0,670.0,76.0,242.0
25,3,1759.0,561.5,72.0,209.0
25,4,1188.5,1026.0,63.0,104.0
25,5,1400.0,690.5,86.0,239.0
25,10,821.0,235.0,66.0,174.0
25,12,1631.0,334.0,64.0,180.0
25,6,27.5,952.5,53.0,237.0
26,1,421.0,500.0,80.0,234.0
26,2,139.0,670.0,76.0,242.0
26,3,1759.0,561.5,72.0,209.0
26,4,1189.0,1026.5,62.0,103.0
26,5,1400.0,692.0,86.0,240.0
26,10,821.5,235.0,67.0,174.0
26,6,28.0,949.5,52.0,235.0
26,8,1029.0,290.0,80.0,176.0
27,1,421.0,498.5,80.0,235.0
27,2,139.5,669.5,77.0,243.0
27,3,1758.0,561.5,72.0,209.0
27,4,1191.5,1026.5,61.0,101.0
27,5,1400.5,692.5,87.0,241.0
27,10,821.5,235.0,67.0,174.0
27,6,28.5,947.0,53.0,234.0
27,8,1026.5,289.0,83.0,176.0
28,1,421.5,497.0,81.0,236.0
28,2,139.5,669.5,77.0,243.0
28,3,1758.5,562.0,71.0,208.0
28,4,1193.0,1027.0,62.0,102.0
28,5,1400.5,692.5,87.0,241.0
28,10,821.5,234.5,65.0,173.0
28,6,28.5,943.5,53.0,233.0
29,1,422.5,494.5,81.0,237.0
29,2,139.0,669.5,76.0,243.0
29,3,1758.5,562.0,71.0,208.0
29,4,1195.0,1027.0,62.0,102.0
29,5,1400.5,692.0,87.0,242.0
29,10,821.5,234.5,65.0,173.0
29,6,29.0,939.0,54.0,234.0
30,1,422.5,492.5,81.0,235.0
30,2,139.0,669.5,76.0,243.0
30,3,1759.0,561.5,72.0,209.0
30,4,1197.5,1027.5,61.0,101.0
30,5,1400.5,692.0,87.0,242.0
30,10,821.5,234.0,65.0,172.0
30,6,29.5,936.0,55.0,236.0
31,1,425.0,489.5,80.0,233.0
31,2,138.5,669.5,77.0,243.0
31,3,1759.0,561.5,72.0,209.0
31,4,1200.5,1028.0,61.0,100.0
31,5,1400.0,691.5,86.0,241.0
31,10,821.5,234.0,65.0,172.0
31,6,30.0,935.0,56.0,238.0
32,1,425.5,487.5,81.0,231.0
32,2,138.5,669.5,77.0,243.0
32,3,1758.0,561.0,72.0,210.0
32,4,1203.0,1028.5,62.0,99.0
32,5,1400.0,691.5,86.0,241.0
32,10,822.5,233.5,65.0,173.0
32,6,30.5,934.0,57.0,242.0
33,1,426.5,486.5,81.0,231.0
33,2,138.5,670.0,77.0,244.0
33,3,1758.0,561.5,72.0,211.0
33,4,1205.5,1029.0,61.0,98.0
33,5,1399.5,691.5,87.0,241.0
33,10,822.5,233.5,65.0,173.0
33,6,31.0,934.5,58.0,245.0
34,1,426.5,485.5,81.0,229.0
34,2,138.5,670.0,77.0,244.0
34,3,1758.0,561.5,72.0,211.0
34,4,1207.0,1030.0,62.0,98.0
34,5,1400.5,692.0,87.0,242.0
34,10,821.5,234.5,65.0,173.0
34,6,30.5,933.5,59.0,245.0
34,14,221.5,456.5,67.0,201.0
34,8,998.0,285.5,82.0,177.0
35,1,427.5,485.0,83.0,230.0
35,2,138.5,670.0,77.0,244.0
35,3,1758.0,561.5,72.0,211.0
35,4,1209.0,1030.0,62.0,98.0
35,5,1400.5,691.5,87.0,243.0
35,10,822.5,234.5,65.0,173.0
35,6,31.0,934.0,60.0,250.0
35,14,221.0,452.0,68.0,204.0
35,15,1053.0,247.0,60.0,184.0
35,8,989.5,285.0,79.0,178.0
36,1,427.0,484.0,84.0,232.0
36,2,138.5,670.0,77.0,244.0
36,3,1758.0,562.0,72.0,210.0
36,4,1211.5,1030.5,61.0,97.0
36,5,1400.5,692.0,87.0,242.0
36,10,822.0,234.5,64.0,171.0
36,6,31.0,934.0,60.0,250.0
36,14,220.5,450.0,69.0,206.0
36,15,1054.0,246.5,60.0,183.0
36,8,983.0,285.0,78.0,178.0
37,1,427.0,484.0,84.0,232.0
37,2,138.5,670.0,77.0,244.0
37,3,1758.0,560.5,72.0,209.0
37,4,1214.5,1030.5,63.0,97.0
37,5,1400.5,691.5,87.0,243.0
37,10,822.0,235.5,64.0,171.0
37,6,31.5,932.0,61.0,248.0
37,14,218.0,446.0,66.0,198.0
37,15,1054.0,248.5,60.0,185.0
37,8,977.5,285.0,77.0,178.0
37,16,430.5,1038.5,89.0,83.0
37,17,1874.0,344.5,74.0,187.0
38,1,427.5,483.5,85.0,233.0
38,2,138.5,670.0,77.0,244.0
38,3,1758.0,560.5,72.0,209.0
38,4,1217.0,1030.5,62.0,97.0
38,5,1400.0,691.5,86.0,243.0
38,10,822.5,236.0,65.0,174.0
38,6,32.0,931.0,60.0,246.0
38,15,1054.5,248.5,61.0,185.0
38,8,972.5,286.5,77.0,175.0
38,16,430.5,1037.0,93.0,86.0
39,1,427.5,483.5,85.0,235.0
39,2,138.5,670.0,77.0,244.0
39,3,1757.5,561.0,71.0,208.0
39,4,1219.5,1031.5,63.0,97.0
39,5,1400.5,691.0,87.0,244.0
39,10,822.0,236.0,64.0,172.0
39,6,32.5,929.5,61.0,247.0
39,9,532.5,260.5,61.0,185.0
39,15,1053.5,249.0,61.0,184.0
39,8,968.0,287.0,78.0,174.0
39,16,430.5,1036.0,95.0,88.0
40,1,428.5,483.0,85.0,234.0
40,2,138.5,669.5,77.0,243.0
40,3,1757.5,561.0,71.0,208.0
40,4,1223.0,1032.0,62.0,96.0
40,5,1400.5,691.5,87.0,243.0
40,10,821.5,236.5,65.0,173.0
40,6,31.5,927.5,61.0,245.0
40,9,532.5,258.5,63.0,189.0
40,15,1052.5,249.5,61.0,183.0
40,8,963.0,286.5,80.0,175.0
40,16,431.5,1035.0,97.0,90.0
41,1,429.5,482.0,85.0,234.0
41,2,138.5,669.0,77.0,244.0
41,3,1757.5,561.0,71.0,208.0
41,4,1225.5,1032.0,63.0,96.0
41,5,1400.0,691.0,86.0,242.0
41,10,821.5,235.5,65.0,173.0
41,6,32.0,923.5,60.0,241.0
41,15,1053.0,248.5,60.0,181.0
41,8,959.5,286.0,81.0,176.0
41,16,431.5,1034.5,97.0,91.0
41,17,1876.0,349.5,76.0,193.0
42,1,430.5,481.5,85.0,235.0
42,2,138.5,669.0,77.0,244.0
42,3,1757.0,561.0,72.0,208.0
42,4,1228.0,1032.0,64.0,96.0
42,5,1400.0,691.0,86.0,242.0
42,10,820.5,236.0,65.0,174.0
42,6,32.5,919.0,61.0,238.0
42,15,1052.5,249.0,61.0,182.0
42,8,958.0,285.5,84.0,175.0
42,16,431.5,1034.0,99.0,92.0
42,17,1875.5,348.0,75.0,190.0
43,1,431.5,481.0,85.0,234.0
43,2,138.5,669.0,77.0,244.0
43,3,1757.0,561.0,72.0,208.0
43,4,1231.0,1031.5,64.0,95.0
43,5,1400.0,691.5,86.0,243.0
43,10,820.5,235.5,65.0,175.0
43,6,33.0,913.0,60.0,234.0
43,14,208.5,455.5,59.0,175.0
43,15,1052.5,250.0,61.0,182.0
43,8,956.5,286.5,85.0,173.0
43,16,431.0,1033.5,100.0,93.0
43,17,1874.5,349.0,73.0,186.0
44,1,434.0,479.0,84.0,232.0
44,2,138.0,669.5,76.0,243.0
44,3,1757.0,561.5,72.0,209.0
44,4,1232.0,1031.5,64.0,95.0
44,5,1400.5,691.5,87.0,243.0
44,10,820.5,235.5,65.0,175.0
44,6,33.0,908.0,60.0,228.0
44,9,532.5,265.0,67.0,194.0
44,15,1052.0,251.0,62.0,182.0
44,8,953.5,287.0,85.0,170.0
44,16,431.0,1032.0,102.0,96.0
44,17,1876.5,350.5,73.0,187.0
45,1,435.0,477.5,84.0,231.0
45,2,138.5,669.5,77.0,243.0
45,3,1757.0,561.0,72.0,208.0
45,4,1233.5,1032.0,65.0,94.0
45,5,1399.5,691.0,87.0,242.0
45,10,819.5,235.5,65.0,175.0
45,6,33.5,905.0,61.0,228.0
45,15,1051.0,251.5,62.0,183.0
45,8,950.0,284.5,88.0,175.0
45,16,429.0,1031.0,104.0,98.0
45,17,1878.5,354.0,77.0,194.0
46,1,435.0,476.5,84.0,231.0
46,2,138.5,669.5,77.0,243.0
46,3,1756.0,561.0,72.0,208.0
46,4,1234.5,1032.0,65.0,94.0
46,5,1400.0,691.0,86.0,242.0
46,10,819.5,235.0,65.0,176.0
46,6,33.5,903.5,61.0,229.0
46,15,1050.0,251.5,62.0,183.0
46,8,945.0,285.5,86.0,173.0
46,16,428.0,1028.0,108.0,102.0
46,17,1880.0,356.5,78.0,201.0
47,1,436.0,474.5,84.0,231.0
47,2,138.0,669.5,76.0,243.0
47,3,1756.0,561.5,72.0,209.0
47,4,1236.0,1032.0,66.0,94.0
47,5,1400.0,691.0,86.0,242.0
47,10,820.5,234.5,65.0,175.0
47,6,34.0,903.0,62.0,232.0
47,15,1050.0,251.5,62.0,183.0
47,8,940.5,286.5,85.0,171.0
47,16,426.5,1026.0,111.0,106.0
47,17,1881.5,358.0,79.0,202.0
48,1,436.5,472.5,83.0,229.0
48,2,138.5,669.5,77.0,243.0
48,3,1756.0,561.5,72.0,209.0
48,4,1237.5,1032.0,67.0,94.0
48,5,1400.0,691.0,86.0,242.0
48,10,820.5,234.5,65.0,175.0
48,6,35.0,901.5,62.0,229.0
48,14,201.0,445.5,68.0,201.0
48,15,1049.0,252.0,62.0,182.0
48,16,426.5,1024.0,113.0,110.0
48,17,1882.0,359.5,78.0,203.0
49,1,437.0,469.0,84.0,228.0
49,2,138.0,669.5,76.0,243.0
49,3,1756.5,561.5,71.0,209.0
49,4,1239.0,1031.5,68.0,95.0
49,5,1400.0,690.5,86.0,243.0
49,10,820.5,234.5,65.0,175.0
49,6,36.0,901.0,64.0,230.0
49,15,1047.5,254.5,63.0,183.0
49,16,427.0,1022.0,116.0,114.0
49,17,1883.0,359.5,78.0,205.0
50,1,437.5,467.0,83.0,226.0
50,2,138.0,669.5,76.0,243.0
50,3,1756.5,562.0,71.0,208.0
50,4,1239.5,1031.5,69.0,95.0
50,5,1399.5,690.5,87.0,243.0
50,10,820.0,234.0,64.0,174.0
50,6,36.5,900.0,65.0,232.0
50,15,1047.5,254.5,63.0,183.0
50,16,428.0,1020.0,116.0,116.0
50,17,1884.5,362.0,77.0,204.0
51,1,438.0,465.0,84.0,226.0
51,2,138.0,668.5,76.0,243.0
51,3,1756.5,561.5,71.0,207.0
51,4,1240.0,1031.0,70.0,96.0
51,5,1400.0,690.5,86.0,243.0
51,10,819.0,234.0,64.0,174.0
51,6,37.0,898.5,66.0,233.0
51,15,1046.5,255.5,63.0,183.0
51,16,428.5,1019.0,119.0,120.0
51,17,1885.0,364.0,74.0,202.0
52,1,438.5,463.5,83.0,225.0
52,2,138.5,668.5,77.0,243.0
52,3,1756.5,561.5,71.0,207.0
52,4,1240.5,1031.5,71.0,97.0
52,5,1400.5,691.0,87.0,244.0
52,10,819.0,234.0,64.0,174.0
52,6,37.5,897.5,67.0,235.0
52,15,1045.5,258.0,63.0,184.0
52,16,429.5,1016.5,121.0,125.0
52,17,1886.5,364.5,73.0,197.0
53,1,440.0,463.0,84.0,226.0
53,2,138.5,668.5,77.0,243.0
53,3,1756.5,561.5,71.0,207.0
53,4,1240.5,1031.0,73.0,98.0
53,5,1400.0,691.0,86.0,242.0
53,10,819.5,234.0,65.0,174.0
53,6,38.0,897.5,70.0,237.0
53,15,1045.5,259.0,63.0,184.0
53,16,431.0,1015.0,122.0,128.0
53,17,1888.0,365.0,70.0,196.0
54,1,441.0,463.0,84.0,228.0
54,2,138.0,669.0,76.0,244.0
54,3,1756.0,561.0,72.0,208.0
54,4,1240.5,1030.5,73.0,99.0
54,5,1400.0,691.0,86.0,242.0
54,10,819.0,234.0,64.0,174.0
54,6,38.0,896.5,70.0,239.0
54,15,1044.5,261.0,63.0,186.0
54,16,433.0,1014.0,122.0,130.0
54,17,1890.0,366.0,68.0,194.0
55,1,440.5,462.0,85.0,228.0
55,2,138.5,669.0,77.0,244.0
55,3,1756.0,562.0,72.0,208.0
55,4,1241.0,1029.5,76.0,101.0
55,5,1400.0,691.0,86.0,242.0
55,10,819.0,234.0,64.0,174.0
55,6,40.0,893.5,70.0,237.0
55,15,1043.5,263.0,63.0,184.0
55,16,435.5,1013.0,121.0,132.0
55,17,1892.0,367.5,68.0,197.0
56,1,440.5,462.5,85.0,229.0
56,2,138.5,669.5,77.0,245.0
56,3,1756.5,562.0,73.0,208.0
56,4,1241.5,1028.5,77.0,103.0
56,5,1400.0,691.0,86.0,242.0
56,10,819.5,233.5,65.0,173.0
56,6,41.0,889.0,70.0,236.0
56,15,1042.0,264.0,62.0,184.0
56,16,436.5,1012.0,121.0,134.0
56,17,1893.0,370.0,66.0,196.0
57,1,441.0,462.0,86.0,230.0
57,2,138.5,670.0,77.0,244.0
57,3,1756.5,561.5,73.0,209.0
57,4,1241.0,1028.5,78.0,103.0
57,5,1400.0,691.5,86.0,241.0
57,10,820.0,235.0,64.0,174.0
57,6,41.5,884.0,69.0,234.0
57,15,1040.5,264.5,61.0,183.0
57,16,438.0,1011.5,122.0,135.0
57,17,1894.5,368.0,67.0,204.0
58,1,441.5,460.5,85.0,231.0
58,2,138.5,670.0,77.0,244.0
58,3,1756.5,561.5,73.0,209.0
58,4,1241.5,1028.0,79.0,104.0
58,5,1400.0,691.5,86.0,241.0
58,10,819.5,235.0,65.0,174.0
58,6,41.5,880.0,69.0,230.0
58,15,1040.0,266.5,60.0,181.0
58,16,439.5,1010.5,121.0,137.0
58,17,1895.0,369.5,66.0,205.0
59,1,442.0,460.5,86.0,233.0
59,2,138.0,669.5,76.0,243.0
59,3,1757.0,562.0,72.0,208.0
59,4,1241.0,1027.5,80.0,105.0
59,5,1398.5,689.5,85.0,239.0
59,10,819.0,235.0,64.0,174.0
59,6,42.5,877.0,69.0,230.0
59,9,531.5,278.0,71.0,192.0
59,15,1040.0,267.0,60.0,180.0
59,16,440.5,1010.0,119.0,138.0
60,1,442.0,460.0,86.0,232.0
60,2,138.0,669.5,76.0,243.0
60,3,1757.0,562.0,72.0,208.0
60,4,1240.5,1027.0,79.0,104.0
60,5,1399.0,688.0,84.0,236.0
60,6,44.0,875.5,70.0,229.0
60,9,530.5,278.5,71.0,193.0
60,16,441.0,1009.5,118.0,139.0
60,14,178.0,437.0,70.0,204.0
61,1,441.5,459.0,85.0,232.0
61,2,138.0,669.0,76.0,244.0
61,3,1756.5,561.5,71.0,207.0
61,4,1238.5,1026.5,81.0,105.0
61,5,1398.5,687.5,83.0,235.0
61,6,44.5,873.5,69.0,229.0
61,9,529.5,279.5,71.0,193.0
61,15,1037.0,268.0,60.0,176.0
61,16,441.0,1009.0,118.0,140.0
61,14,176.5,436.5,71.0,205.0
62,1,441.5,456.5,85.0,231.0
62,2,137.5,669.5,75.0,243.0
62,3,1757.0,561.5,72.0,207.0
62,4,1237.5,1026.0,81.0,106.0
62,5,1399.0,688.5,84.0,237.0
62,6,45.5,871.0,69.0,228.0
62,9,529.5,280.5,71.0,193.0
62,16,442.0,1007.0,120.0,144.0
62,14,176.0,437.0,72.0,204.0
63,1,442.0,455.5,86.0,231.0
63,2,138.0,669.5,76.0,243.0
63,3,1757.0,561.5,72.0,207.0
63,4,1236.5,1025.5,81.0,105.0
63,5,1399.0,689.0,84.0,236.0
63,6,46.0,870.0,70.0,230.0
63,9,529.5,282.0,73.0,196.0
63,16,441.0,1004.0,122.0,148.0
63,14,174.5,436.0,73.0,206.0
64,1,442.5,454.0,85.0,232.0
64,2,137.5,669.5,75.0,243.0
64,3,1756.5,562.0,73.0,208.0
64,4,1235.0,1025.5,82.0,105.0
64,5,1399.0,690.0,84.0,238.0
64,6,46.0,868.5,70.0,231.0
64,9,529.5,283.0,73.0,198.0
64,15,1033.0,270.5,58.0,169.0
64,16,440.5,1003.0,123.0,152.0
64,14,173.5,436.0,73.0,204.0
65,1,442.5,453.0,85.0,232.0
65,2,138.0,669.5,76.0,243.0
65,3,1756.0,562.0,72.0,208.0
65,4,1233.5,1024.5,83.0,107.0
65,5,1399.5,690.0,85.0,238.0
65,6,46.5,867.5,71.0,233.0
65,9,529.0,283.5,74.0,199.0
65,15,1032.5,272.0,59.0,170.0
65,16,440.5,1000.5,125.0,157.0
66,1,442.0,451.5,84.0,231.0
66,2,138.0,669.5,76.0,243.0
66,3,1756.5,562.5,73.0,209.0
66,4,1231.0,1024.0,84.0,108.0
66,5,1399.5,691.0,85.0,240.0
66,6,46.0,866.5,72.0,235.0
66,9,528.0,285.5,74.0,203.0
66,15,1033.0,274.0,60.0,172.0
66,16,440.0,998.0,126.0,162.0
67,1,442.5,448.5,83.0,229.0
67,2,138.0,669.5,76.0,243.0
67,3,1756.0,562.0,72.0,208.0
67,4,1230.0,1023.5,84.0,109.0
67,5,1398.5,689.5,85.0,239.0
67,6,46.0,865.0,72.0,234.0
67,9,528.0,287.5,74.0,203.0
67,15,1031.0,274.5,60.0,173.0
67,16,439.5,997.0,125.0,164.0
68,1,444.0,445.5,82.0,225.0
68,2,138.0,669.0,76.0,244.0
68,3,1756.0,562.0,72.0,208.0
68,4,1228.5,1023.0,85.0,110.0
68,5,1399.0,690.5,86.0,241.0
68,6,45.5,863.0,71.0,234.0
68,9,526.5,288.5,73.0,201.0
68,15,1030.5,275.5,61.0,175.0
68,16,438.5,995.5,125.0,165.0
69,1,444.0,443.5,82.0,225.0
69,2,138.0,669.5,76.0,245.0
69,3,1756.5,563.0,73.0,210.0
69,4,1226.0,1023.0,86.0,110.0
69,5,1399.0,691.0,86.0,242.0
69,6,45.0,862.0,72.0,236.0
69,9,526.5,289.0,73.0,200.0
69,15,1029.5,275.5,61.0,177.0
69,16,437.5,994.5,125.0,169.0
69,20,1485.5,299.0,63.0,186.0
70,1,445.0,443.0,82.0,224.0
70,2,138.0,669.5,76.0,245.0
70,3,1756.5,563.0,73.0,210.0
70,4,1224.0,1022.5,86.0,111.0
70,5,1398.5,688.0,85.0,238.0
70,6,44.5,859.5,71.0,233.0
70,9,525.0,289.5,74.0,199.0
70,15,1028.5,275.5,61.0,177.0
70,16,437.0,992.5,126.0,173.0
70,20,1482.5,299.0,63.0,188.0
71,1,445.5,441.5,81.0,223.0
71,2,138.0,669.5,76.0,245.0
71,3,1756.5,563.0,73.0,210.0
71,4,1223.0,1022.5,86.0,111.0
71,5,1399.5,690.0,85.0,240.0
71,6,44.0,855.5,70.0,229.0
71,9,525.5,289.0,75.0,200.0
71,15,1027.0,276.5,62.0,177.0
71,16,436.5,991.0,127.0,176.0
71,20,1480.0,299.0,64.0,190.0
71,21,920.5,268.0,61.0,170.0
72,1,445.5,440.5,81.0,223.0
72,2,138.0,670.0,76.0,246.0
72,3,1756.5,562.0,73.0,210.0
72,4,1222.0,1022.0,86.0,112.0
72,5,1400.0,690.0,86.0,240.0
72,6,45.0,851.5,70.0,225.0
72,9,525.0,288.5,76.0,201.0
72,15,1026.5,276.5,61.0,177.0
72,16,435.5,990.5,125.0,177.0
72,20,1479.0,298.5,64.0,191.0
72,21,920.5,270.5,61.0,171.0
73,1,446.0,440.0,82.0,224.0
73,2,138.5,669.5,77.0,245.0
73,3,1757.0,563.0,74.0,212.0
73,4,1221.5,1021.5,87.0,113.0
73,5,1399.5,690.0,85.0,240.0
73,6,46.0,847.0,70.0,224.0
73,9,526.0,288.5,78.0,201.0
73,15,1025.0,277.5,62.0,179.0
73,16,435.0,990.5,124.0,177.0
73,20,1477.5,299.0,65.0,192.0
73,21,920.0,272.5,60.0,169.0
74,1,446.5,440.0,81.0,224.0
74,2,138.0,669.5,76.0,245.0
74,3,1756.5,562.5,73.0,209.0
74,4,1221.5,1021.0,87.0,114.0
74,5,1399.5,690.5,85.0,241.0
74,6,47.0,843.0,70.0,224.0
74,9,527.0,289.5,78.0,197.0
74,15,1024.5,278.0,61.0,180.0
74,16,434.0,989.5,124.0,179.0
74,20,1475.5,299.5,65.0,193.0
74,21,919.5,273.5,59.0,167.0
75,1,446.0,439.5,82.0,225.0
75,2,138.0,669.5,76.0,245.0
75,3,1756.5,561.0,73.0,208.0
75,4,1221.0,1021.0,88.0,114.0
75,5,1399.5,689.5,85.0,239.0
75,6,46.5,842.0,71.0,224.0
75,9,528.0,292.0,76.0,192.0
75,15,1023.5,279.0,61.0,182.0
75,16,434.0,987.5,124.0,181.0
75,20,1473.5,300.0,65.0,194.0
75,21,917.5,274.5,59.0,167.0
76,1,447.0,439.5,82.0,225.0
76,2,138.0,669.5,76.0,245.0
76,3,1756.0,561.0,72.0,208.0
76,4,1221.0,1021.0,88.0,114.0
76,5,1400.0,689.5,84.0,237.0
76,6,47.0,841.0,72.0,226.0
76,9,530.5,294.0,77.0,190.0
76,15,1023.0,280.5,60.0,183.0
76,16,435.0,986.0,124.0,184.0
76,20,1470.0,300.0,64.0,190.0
77,1,447.0,438.5,82.0,225.0
77,2,138.0,669.5,76.0,245.0
77,3,1756.5,561.0,73.0,208.0
77,4,1220.0,1020.5,88.0,115.0
77,5,1399.5,690.0,85.0,238.0
77,6,47.0,839.5,72.0,229.0
77,9,530.5,295.0,77.0,190.0
77,15,1022.0,280.5,60.0,185.0
77,16,434.5,985.5,123.0,185.0
77,20,1468.0,299.5,64.0,189.0
78,1,447.5,438.5,81.0,225.0
78,2,138.0,669.5,76.0,245.0
78,3,1756.0,560.5,72.0,207.0
78,4,1220.0,1020.5,88.0,115.0
78,5,1399.5,690.5,85.0,237.0
78,6,47.0,841.0,74.0,230.0
78,9,530.0,295.5,78.0,189.0
78,15,1021.0,280.5,60.0,185.0
78,16,434.0,984.5,122.0,187.0
78,20,1466.0,299.5,64.0,189.0
79,1,448.0,438.5,82.0,227.0
79,2,137.0,670.0,76.0,246.0
79,3,1756.0,560.0,72.0,208.0
79,4,1220.0,1020.0,88.0,116.0
79,5,1399.5,689.5,85.0,235.0
79,6,48.5,841.0,75.0,230.0
79,9,530.0,296.5,78.0,191.0
79,15,1020.5,280.0,59.0,184.0
79,16,434.5,982.5,123.0,191.0
80,1,448.5,437.5,81.0,227.0
80,2,137.5,670.0,75.0,246.0
80,3,1756.5,561.0,73.0,208.0
80,4,1219.0,1020.0,88.0,116.0
80,5,1400.5,690.0,85.0,236.0
80,6,49.0,839.5,76.0,231.0
80,9,531.0,297.5,80.0,195.0
80,15,1020.0,281.0,60.0,184.0
80,16,435.0,980.0,124.0,196.0
81,1,449.0,436.5,80.0,225.0
81,2,137.5,670.0,75.0,246.0
81,3,1757.0,561.0,72.0,208.0
81,4,1219.0,1020.0,88.0,116.0
81,5,1401.0,690.5,86.0,237.0
81,6,50.0,837.0,76.0,232.0
81,9,531.0,299.5,80.0,197.0
81,15,1019.5,281.5,59.0,185.0
81,16,435.5,979.0,123.0,200.0
81,20,1458.5,297.5,63.0,183.0
82,1,450.5,435.0,79.0,224.0
82,2,137.5,670.0,75.0,246.0
82,3,1757.0,561.0,72.0,208.0
82,4,1218.0,1020.0,88.0,116.0
82,5,1400.0,688.5,84.0,233.0
82,6,51.5,835.0,77.0,232.0
82,9,532.0,301.0,80.0,198.0
82,15,1018.5,281.5,59.0,185.0
82,16,436.5,977.0,123.0,204.0
82,20,1456.5,297.0,63.0,182.0
83,1,451.5,433.0,79.0,224.0
83,2,136.5,670.0,75.0,246.0
83,3,1757.0,560.5,72.0,207.0
83,4,1216.5,1020.0,87.0,116.0
83,5,1400.0,689.0,84.0,234.0
83,6,52.0,834.0,76.0,232.0
83,9,532.5,302.0,79.0,198.0
83,15,1017.0,281.0,58.0,182.0
83,16,438.5,975.5,123.0,207.0
83,20,1455.0,297.5,62.0,183.0
84,1,452.5,431.0,79.0,224.0
84,2,137.5,670.0,75.0,246.0
84,3,1757.0,561.5,72.0,207.0
84,4,1215.5,1019.5,87.0,117.0
84,5,1400.5,689.5,85.0,235.0
84,6,52.5,832.5,75.0,231.0
84,9,533.5,304.0,81.0,200.0
84,15,1015.0,280.5,58.0,183.0
84,16,439.0,974.5,122.0,209.0
84,20,1453.5,296.5,63.0,185.0
85,1,452.5,429.5,79.0,223.0
85,2,137.0,670.0,74.0,246.0
85,3,1757.0,561.0,72.0,208.0
85,4,1215.0,1019.5,86.0,117.0
85,5,1400.0,688.5,84.0,233.0
85,6,54.0,832.0,76.0,230.0
85,9,533.5,304.5,79.0,195.0
85,15,1014.0,280.5,58.0,183.0
85,16,439.5,973.5,121.0,211.0
85,20,1452.5,296.0,63.0,186.0
86,1,453.5,427.5,77.0,221.0
86,2,137.0,670.0,74.0,246.0
86,3,1756.5,561.0,73.0,208.0
86,4,1214.5,1019.5,87.0,117.0
86,5,1399.5,688.5,83.0,231.0
86,6,55.0,830.0,74.0,228.0
86,9,534.0,305.5,78.0,195.0
86,15,1012.0,280.5,58.0,181.0
86,16,441.0,972.5,120.0,213.0
86,20,1449.5,293.0,63.0,188.0
87,1,454.5,424.5,77.0,219.0
87,2,137.0,670.0,74.0,246.0
87,3,1756.5,561.5,73.0,209.0
87,4,1213.5,1019.5,87.0,117.0
87,5,1399.5,688.0,83.0,230.0
87,6,55.0,827.0,74.0,224.0
87,9,535.0,305.5,78.0,195.0
87,15,1010.0,281.0,58.0,180.0
87,16,442.0,971.5,120.0,215.0
87,20,1448.0,293.0,62.0,188.0
88,1,455.0,423.5,78.0,219.0
88,2,138.0,670.0,74.0,246.0
88,3,1756.5,561.5,73.0,209.0
88,4,1211.5,1019.0,87.0,118.0
88,5,1399.5,689.0,83.0,232.0
88,6,55.0,823.5,74.0,223.0
88,9,536.5,306.5,79.0,195.0
88,15,1008.0,282.5,60.0,183.0
88,16,442.5,970.5,119.0,217.0
88,20,1446.5,291.5,61.0,183.0
89,1,454.5,421.5,77.0,219.0
89,2,137.0,670.0,74.0,246.0
89,3,1756.5,561.5,73.0,209.0
89,4,1211.0,1019.0,86.0,118.0
89,5,1399.5,690.0,83.0,232.0
89,6,56.0,820.5,74.0,225.0
89,9,538.0,306.5,80.0,197.0
89,15,1007.0,284.0,60.0,184.0
89,16,443.0,970.0,118.0,218.0
90,1,455.5,420.0,79.0,218.0
90,2,137.0,670.5,74.0,247.0
90,3,1756.0,561.5,72.0,209.0
90,4,1209.0,1018.5,86.0,119.0
90,5,1399.5,689.0,85.0,234.0
90,6,57.0,817.5,74.0,225.0
90,9,539.0,307.5,80.0,197.0
90,15,1005.0,285.0,60.0,182.0
90,16,443.5,969.0,117.0,220.0
91,1,456.5,420.5,79.0,219.0
91,2,137.5,671.0,75.0,246.0
91,3,1756.5,562.5,73.0,207.0
91,4,1208.5,1018.0,85.0,120.0
91,5,1400.5,690.5,85.0,235.0
91,6,58.5,813.5,73.0,223.0
91,9,540.5,308.0,81.0,198.0
91,15,1004.5,286.0,61.0,182.0
91,16,443.5,968.0,117.0,222.0
92,1,457.5,420.5,79.0,221.0
92,2,137.5,671.0,75.0,246.0
92,3,1756.5,561.5,73.0,209.0
92,4,1207.5,1017.5,85.0,121.0
92,5,1399.5,687.0,83.0,226.0
92,6,59.0,811.5,72.0,221.0
92,9,540.0,309.0,82.0,198.0
92,15,1003.5,285.5,61.0,181.0
92,16,443.5,967.0,117.0,226.0
93,1,458.0,420.0,80.0,222.0
93,2,137.5,671.0,75.0,246.0
93,3,1756.5,562.0,73.0,208.0
93,4,1206.0,1017.0,86.0,122.0
93,5,1399.0,688.5,84.0,229.0
93,6,59.5,810.0,71.0,220.0
93,9,540.5,309.0,81.0,194.0
93,15,1003.5,286.5,61.0,181.0
93,16,444.0,966.0,118.0,228.0
94,1,458.0,419.5,80.0,223.0
94,2,137.5,671.0,75.0,246.0
94,3,1757.0,562.0,72.0,208.0
94,4,1204.0,1017.0,86.0,124.0
94,5,1399.5,690.0,85.0,234.0
94,6,59.5,807.5,71.0,219.0
94,9,537.5,311.0,81.0,194.0
94,15,1001.5,288.0,61.0,182.0
94,16,444.5,964.0,117.0,230.0
95,1,458.5,419.0,81.0,224.0
95,2,137.5,671.0,75.0,246.0
95,3,1757.0,562.0,72.0,208.0
95,4,1203.0,1015.5,86.0,127.0
95,5,1399.5,690.0,85.0,232.0
95,6,60.0,805.5,70.0,217.0
95,9,536.0,312.0,80.0,194.0
95,15,1000.0,290.0,62.0,184.0
95,16,445.0,962.0,116.0,234.0
96,1,458.0,419.0,82.0,226.0
96,2,137.5,671.0,75.0,246.0
96,3,1757.0,562.5,72.0,209.0
96,4,1202.0,1015.0,86.0,128.0
96,5,1399.0,689.0,84.0,230.0
96,6,60.0,804.5,70.0,219.0
96,15,999.0,292.0,62.0,186.0
96,16,444.0,961.0,116.0,236.0
97,1,458.0,418.5,82.0,227.0
97,2,137.5,671.0,75.0,246.0
97,3,1757.0,562.5,72.0,209.0
97,4,1199.5,1015.0,85.0,130.0
97,5,1399.0,688.0,82.0,228.0
97,6,60.5,804.5,71.0,221.0
97,15,997.5,293.0,63.0,186.0
97,16,444.5,959.0,115.0,238.0
98,1,458.0,418.5,82.0,229.0
98,2,137.0,671.0,76.0,246.0
98,3,1757.0,562.5,72.0,209.0
98,4,1198.5,1013.5,85.0,133.0
98,5,1399.0,688.5,84.0,229.0
98,6,61.0,804.0,70.0,220.0
98,15,995.5,292.5,63.0,187.0
98,16,443.5,957.0,115.0,242.0
99,1,459.0,417.5,82.0,229.0
99,2,137.0,671.0,76.0,246.0
99,3,1757.0,562.5,72.0,209.0
99,4,1195.5,1012.5,85.0,135.0
99,5,1398.0,685.5,82.0,225.0
99,6,61.0,804.0,70.0,224.0
99,15,993.5,292.5,63.0,187.0
99,16,442.5,955.0,115.0,246.0
100,1,459.0,417.0,82.0,228.0
100,2,137.0,671.0,76.0,246.0
100,3,1757.0,562.0,72.0,208.0
100,4,1194.0,1012.0,84.0,136.0
100,5,1398.5,687.5,83.0,227.0
100,6,62.0,804.5,70.0,223.0
100,15,991.0,292.5,62.0,187.0
100,16,442.0,952.5,116.0,251.0
101,1,459.5,415.5,81.0,227.0
101,2,137.0,670.5,76.0,247.0
101,3,1757.0,562.0,72.0,208.0
101,4,1192.5,1010.5,83.0,137.0
101,5,1398.0,687.0,82.0,224.0
101,6,62.5,801.5,69.0,221.0
101,15,989.5,292.0,63.0,186.0
101,16,440.5,952.0,115.0,252.0
102,1,458.5,413.5,81.0,227.0
102,2,137.0,670.5,76.0,247.0
102,3,1756.5,562.0,71.0,208.0
102,4,1191.0,1009.5,82.0,137.0
102,5,1398.5,689.0,85.0,232.0
102,6,63.0,799.0,68.0,220.0
102,15,987.0,291.5,62.0,185.0
102,16,439.0,950.5,114.0,255.0
103,1,458.5,411.5,81.0,225.0
103,2,137.0,670.5,76.0,247.0
103,3,1756.0,561.0,72.0,208.0
103,4,1189.0,1008.5,82.0,139.0
103,5,1399.0,691.0,86.0,236.0
103,6,64.0,795.0,68.0,218.0
103,15,984.5,292.5,63.0,185.0
103,16,437.5,950.0,113.0,256.0
104,1,459.0,409.5,80.0,223.0
104,2,137.0,670.5,76.0,247.0
104,3,1756.5,561.5,71.0,207.0
104,4,1186.0,1008.0,80.0,140.0
104,5,1399.0,691.5,86.0,237.0
104,6,65.0,792.5,68.0,219.0
104,15,982.0,291.0,62.0,180.0
104,16,437.0,948.5,112.0,255.0
104,27,1200.0,237.0,70.0,164.0
105,1,458.5,407.0,79.0,220.0
105,2,137.5,670.5,75.0,245.0
105,3,1757.0,561.5,72.0,209.0
105,4,1184.0,1007.5,80.0,141.0
105,5,1400.0,691.5,86.0,237.0
105,6,67.5,790.5,69.0,221.0
105,16,436.0,948.0,112.0,256.0
106,1,459.0,404.5,78.0,217.0
106,2,137.5,670.5,75.0,245.0
106,3,1757.0,561.5,72.0,209.0
106,4,1182.5,1007.0,79.0,142.0
106,5,1400.0,691.5,86.0,237.0
106,6,69.0,789.5,70.0,223.0
106,15,978.0,291.5,60.0,177.0
106,16,435.0,947.5,112.0,259.0
107,1,459.0,402.0,78.0,216.0
107,2,137.0,671.0,76.0,246.0
107,3,1756.5,561.5,71.0,209.0
107,4,1181.0,1007.0,78.0,142.0
107,6,71.5,789.0,71.0,224.0
107,15,977.0,295.0,62.0,184.0
107,16,434.0,947.0,112.0,260.0
107,27,1195.0,234.5,70.0,167.0
108,1,459.5,400.5,79.0,217.0
108,2,138.0,670.5,74.0,243.0
108,3,1756.5,561.5,71.0,209.0
108,4,1179.5,1007.0,77.0,142.0
108,5,1400.0,689.0,84.0,228.0
108,6,74.5,786.0,71.0,222.0
108,9,538.5,328.5,71.0,193.0
108,15,975.0,296.5,62.0,187.0
108,16,434.0,946.0,112.0,262.0
108,27,1192.0,234.0,68.0,166.0
109,1,459.5,400.0,79.0,218.0
109,2,138.5,670.0,75.0,242.0
109,3,1756.5,561.0,71.0,208.0
109,4,1177.5,1007.0,77.0,142.0
109,5,1400.0,689.5,84.0,227.0
109,6,80.5,785.0,73.0,222.0
109,9,539.5,329.5,71.0,193.0
109,15,974.5,296.5,63.0,189.0
109,16,434.0,944.0,112.0,266.0
109,27,1190.5,232.5,69.0,167.0
110,1,459.5,399.0,79.0,220.0
110,2,138.5,670.5,75.0,241.0
110,3,1756.5,562.0,71.0,208.0
110,4,1176.0,1007.5,74.0,141.0
110,5,1400.5,691.5,85.0,231.0
110,6,84.0,785.5,76.0,225.0
110,9,541.0,330.0,70.0,190.0
110,15,973.0,298.0,62.0,188.0
110,16,434.5,942.0,113.0,270.0
110,27,1187.5,232.5,69.0,169.0
111,1,460.0,398.5,80.0,221.0
111,2,138.5,671.0,75.0,242.0
111,3,1756.5,561.5,71.0,207.0
111,4,1174.5,1007.5,75.0,143.0
111,5,1400.0,690.5,84.0,229.0
111,6,86.5,785.0,77.0,224.0
111,9,543.5,330.0,69.0,190.0
111,15,971.0,298.5,62.0,187.0
111,16,434.5,939.5,111.0,273.0
111,27,1184.5,233.5,69.0,171.0
112,1,460.0,399.0,80.0,220.0
112,2,137.5,671.0,75.0,246.0
112,3,1756.5,561.5,71.0,207.0
112,4,1172.5,1007.0,75.0,144.0
112,5,1400.0,690.5,84.0,229.0
112,6,88.5,783.5,79.0,225.0
112,9,546.0,331.5,70.0,191.0
112,15,969.5,299.0,61.0,186.0
112,16,435.0,936.0,110.0,274.0
112,27,1180.0,233.0,70.0,172.0
113,1,460.5,398.5,81.0,221.0
113,2,137.5,671.0,75.0,246.0
113,3,1756.5,561.5,71.0,207.0
113,4,1171.0,1006.5,76.0,145.0
113,5,1400.0,690.0,84.0,230.0
113,6,88.0,782.5,80.0,225.0
113,9,546.0,333.0,70.0,192.0
113,15,968.0,300.0,62.0,186.0
113,16,435.0,932.0,108.0,272.0
113,27,1177.0,233.0,68.0,170.0
114,1,460.5,398.0,81.0,220.0
114,2,137.0,671.0,74.0,242.0
114,3,1757.0,562.0,72.0,208.0
114,4,1169.5,1006.5,75.0,147.0
114,5,1400.0,690.5,86.0,231.0
114,6,90.0,780.0,80.0,224.0
114,9,550.0,335.0,72.0,196.0
114,15,966.5,301.0,61.0,186.0
114,16,435.0,928.0,106.0,268.0
114,27,1170.5,232.0,69.0,170.0
115,1,460.5,398.0,81.0,220.0
115,2,138.0,671.0,74.0,242.0
115,3,1757.0,562.0,72.0,208.0
115,4,1167.5,1006.5,75.0,147.0
115,5,1401.0,691.0,86.0,234.0
115,6,93.0,777.5,80.0,223.0
115,9,553.0,337.0,72.0,198.0
115,15,966.0,301.5,60.0,183.0
115,16,436.5,924.5,105.0,267.0
115,27,1165.0,231.5,70.0,171.0
116,1,460.5,397.5,81.0,221.0
116,2,138.5,671.0,73.0,240.0
116,3,1757.0,562.0,72.0,208.0
116,4,1163.5,1006.5,75.0,147.0
116,6,97.0,775.0,78.0,220.0
116,9,555.5,337.5,73.0,199.0
116,15,963.0,300.5,60.0,183.0
116,16,438.5,922.0,105.0,268.0
116,27,1158.0,231.0,72.0,170.0
117,1,461.0,397.5,82.0,221.0
117,3,1757.0,562.5,72.0,209.0
117,4,1161.5,1006.0,75.0,148.0
117,5,1399.5,690.5,85.0,231.0
117,6,103.0,772.0,78.0,218.0
117,9,555.5,339.0,73.0,200.0
117,15,962.5,300.0,59.0,182.0
117,16,439.5,921.0,105.0,270.0
117,27,1152.5,231.5,73.0,171.0
118,1,461.0,396.5,82.0,221.0
118,2,135.0,669.5,74.0,243.0
118,3,1757.0,562.5,72.0,209.0
118,4,1159.5,1006.0,75.0,148.0
118,5,1399.5,689.5,85.0,231.0
118,9,555.0,340.5,74.0,203.0
118,15,960.5,301.0,59.0,182.0
118,16,441.0,920.0,106.0,272.0
118,27,1148.5,232.0,75.0,172.0
119,1,461.5,396.0,83.0,222.0
119,2,131.0,689.5,86.0,283.0
119,3,1756.5,562.0,71.0,208.0
119,4,1156.5,1007.0,75.0,146.0
119,9,555.5,341.5,73.0,203.0
119,15,958.0,301.5,60.0,183.0
119,16,441.5,920.0,107.0,274.0
119,27,1146.5,232.0,77.0,172.0
120,1,461.0,396.0,82.0,222.0
120,2,131.5,693.5,89.0,293.0
120,3,1756.5,562.0,71.0,208.0
120,4,1153.5,1006.0,75.0,148.0
120,5,1400.5,690.5,85.0,231.0
120,9,555.5,343.5,73.0,201.0
120,15,957.0,302.0,60.0,184.0
120,16,442.0,918.5,106.0,273.0
120,27,1146.0,231.0,78.0,172.0
120,28,868.0,317.5,56.0,167.0
121,1,460.5,394.5,83.0,223.0
121,3,1756.5,561.5,71.0,209.0
121,4,1150.5,1006.0,75.0,148.0
121,5,1400.5,690.5,85.0,231.0
121,9,555.0,343.5,72.0,197.0
121,15,955.0,302.5,60.0,185.0
121,16,443.5,918.0,107.0,276.0
121,27,1146.5,230.0,79.0,170.0
121,28,866.5,318.5,57.0,169.0
121,6,116.5,767.5,75.0,213.0
122,1,460.5,393.0,83.0,224.0
122,3,1756.5,562.5,71.0,209.0
122,4,1146.5,1005.5,77.0,149.0
122,5,1400.0,691.0,86.0,232.0
122,9,554.5,344.0,71.0,194.0
122,15,953.5,303.0,61.0,186.0
122,16,443.0,917.0,106.0,276.0
122,27,1146.0,229.0,80.0,172.0
122,6,119.0,768.5,74.0,209.0
123,1,461.0,391.5,82.0,223.0
123,3,1756.5,562.0,71.0,208.0
123,4,1143.0,1005.0,76.0,150.0
123,5,1400.5,691.0,85.0,232.0
123,9,554.5,343.0,71.0,194.0
123,15,951.5,303.5,61.0,187.0
123,16,443.5,916.0,107.0,276.0
123,27,1145.0,228.0,80.0,172.0
123,6,121.5,767.5,75.0,211.0
124,1,460.5,389.0,81.0,220.0
124,3,1756.0,562.0,72.0,208.0
124,4,1139.5,1004.5,77.0,151.0
124,5,1400.5,690.5,85.0,231.0
124,9,555.0,342.5,72.0,197.0
124,15,949.0,302.0,60.0,188.0
124,16,445.5,913.5,105.0,275.0
124,27,1142.5,228.5,79.0,171.0
124,6,126.0,765.5,76.0,215.0
125,1,461.0,386.0,80.0,216.0
125,3,1756.5,562.0,73.0,210.0
125,4,1137.0,1004.0,78.0,152.0
125,5,1400.0,690.5,84.0,229.0
125,9,555.5,343.0,71.0,196.0
125,15,948.0,302.5,60.0,189.0
125,16,445.0,911.5,106.0,275.0
126,1,460.0,383.5,80.0,215.0
126,3,1756.5,561.0,71.0,208.0
126,4,1134.5,1004.0,77.0,152.0
126,5,1399.5,690.5,85.0,229.0
126,9,555.5,344.0,71.0,196.0
126,15,945.0,303.5,60.0,189.0
126,16,444.0,909.0,106.0,278.0
126,27,1137.0,227.0,76.0,172.0
126,6,135.0,724.0,96.0,282.0
127,1,460.5,383.0,79.0,214.0
127,3,1756.5,561.0,71.0,208.0
127,4,1132.0,1003.5,78.0,153.0
127,5,1400.0,690.5,84.0,229.0
127,9,556.0,345.5,70.0,195.0
127,15,943.0,303.5,60.0,189.0
127,16,443.0,904.5,106.0,277.0
127,27,1134.0,226.0,74.0,172.0
127,2,136.0,666.0,74.0,236.0
128,1,460.0,382.5,80.0,215.0
128,3,1756.5,561.5,71.0,209.0
128,4,1129.0,1003.5,78.0,153.0
128,5,1400.0,690.5,84.0,229.0
128,9,556.5,345.5,69.0,195.0
128,15,940.5,303.0,59.0,188.0
128,16,442.5,899.0,105.0,276.0
128,27,1130.5,225.5,73.0,173.0
128,2,136.0,668.0,76.0,242.0
129,1,460.0,382.5,80.0,217.0
129,3,1756.5,561.5,71.0,209.0
129,4,1126.0,1003.5,78.0,153.0
129,5,1399.5,687.5,83.0,223.0
129,9,557.0,346.0,70.0,198.0
129,15,938.5,303.0,59.0,188.0
129,16,442.5,892.5,101.0,271.0
129,2,136.0,668.0,76.0,242.0
130,1,459.5,381.5,81.0,217.0
130,3,1757.0,561.5,72.0,209.0
130,4,1123.0,1003.0,78.0,152.0
130,5,1400.0,690.5,84.0,229.0
130,9,557.5,348.0,71.0,200.0
130,15,936.5,304.0,59.0,188.0
130,16,442.5,886.5,99.0,265.0
130,2,136.5,668.5,75.0,243.0
131,1,459.5,381.5,81.0,219.0
131,3,1757.0,562.0,72.0,208.0
131,4,1120.5,1002.5,79.0,153.0
131,5,1400.5,690.5,85.0,229.0
131,9,558.0,350.0,72.0,206.0
131,16,442.0,882.5,98.0,261.0
131,2,137.0,669.0,76.0,244.0
132,1,459.5,380.5,81.0,219.0
132,3,1756.5,562.0,71.0,208.0
132,4,1118.5,1002.0,79.0,154.0
132,5,1399.0,686.0,82.0,222.0
132,9,558.5,353.0,71.0,208.0
132,16,440.0,880.5,98.0,263.0
132,2,137.5,669.5,77.0,247.0
133,1,459.5,379.5,81.0,219.0
133,3,1756.5,562.5,71.0,209.0
133,4,1116.5,1002.0,79.0,154.0
133,5,1400.0,687.5,84.0,225.0
133,9,559.5,355.0,71.0,210.0
133,16,439.0,879.0,98.0,264.0
133,27,1112.5,223.0,67.0,170.0
133,2,138.5,672.0,77.0,248.0
133,28,854.5,329.0,59.0,170.0
134,1,459.5,379.5,81.0,219.0
134,3,1757.0,562.5,72.0,209.0
134,4,1114.0,1002.0,78.0,154.0
134,5,1399.5,686.0,83.0,222.0
134,9,559.0,356.5,70.0,209.0
134,16,438.0,878.0,98.0,264.0
134,28,853.5,330.5,59.0,171.0
135,1,459.5,379.0,81.0,220.0
135,3,1757.0,562.0,72.0,210.0
135,4,1112.5,1002.0,79.0,154.0
135,5,1400.0,684.5,82.0,221.0
135,9,558.0,358.0,68.0,210.0
135,16,437.0,878.0,98.0,266.0
135,2,140.5,667.5,75.0,243.0
136,1,458.5,378.5,81.0,219.0
136,3,1757.0,562.0,72.0,210.0
136,4,1110.0,1001.5,78.0,153.0
136,9,558.5,358.0,67.0,208.0
136,16,435.0,878.0,100.0,268.0
136,2,140.5,667.0,75.0,240.0
136,28,850.5,332.0,59.0,170.0
137,1,458.0,377.5,80.0,219.0
137,3,1757.0,561.5,72.0,209.0
137,4,1109.0,1001.0,78.0,152.0
137,9,559.0,358.0,66.0,208.0
137,16,434.0,878.0,100.0,268.0
137,2,138.0,665.0,74.0,238.0
137,28,849.5,332.5,59.0,173.0
138,1,458.0,376.5,80.0,219.0
138,3,1756.5,562.0,71.0,208.0
138,4,1107.5,1000.5,77.0,153.0
138,9,559.0,359.0,64.0,206.0
138,15,921.5,297.5,55.0,175.0
138,16,433.5,877.5,101.0,269.0
138,27,1086.5,224.0,75.0,174.0
138,2,136.5,664.0,73.0,234.0
139,1,457.5,375.5,81.0,219.0
139,3,1757.0,561.5,72.0,209.0
139,4,1106.5,1000.0,77.0,152.0
139,9,558.5,362.0,61.0,200.0
139,15,919.0,300.0,58.0,184.0
139,16,433.5,876.0,101.0,268.0
139,27,1084.5,223.0,77.0,172.0
139,2,135.5,664.5,71.0,233.0
139,28,846.5,333.5,57.0,169.0
140,1,456.0,375.0,80.0,218.0
140,3,1757.0,561.0,72.0,208.0
140,4,1105.0,1000.0,76.0,152.0
140,5,1404.0,686.0,78.0,216.0
140,9,558.5,361.5,61.0,201.0
140,15,916.0,300.0,58.0,184.0
140,16,433.5,874.5,101.0,267.0
140,27,1083.5,223.0,77.0,170.0
140,2,135.0,667.0,72.0,236.0
141,1,455.0,374.0,80.0,220.0
141,3,1757.0,561.0,72.0,208.0
141,4,1103.5,999.5,77.0,153.0
141,5,1402.5,689.0,81.0,226.0
141,9,558.5,360.0,61.0,202.0
141,15,913.5,300.5,59.0,185.0
141,16,433.0,872.5,100.0,267.0
141,27,1083.0,222.5,78.0,169.0
141,2,135.0,668.5,72.0,237.0
142,1,454.5,373.0,79.0,218.0
142,3,1756.5,561.0,71.0,208.0
142,4,1102.0,999.0,76.0,154.0
142,5,1401.5,689.5,83.0,229.0
142,9,558.5,359.5,61.0,203.0
142,15,910.5,301.0,59.0,186.0
142,16,434.0,870.0,100.0,268.0
142,27,1080.5,223.0,79.0,170.0
142,2,136.0,669.5,72.0,239.0
142,28,843.5,334.5,57.0,171.0
142,6,191.5,731.0,75.0,208.0
143,1,453.5,371.0,79.0,216.0
143,3,1757.0,561.5,72.0,209.0
143,4,1099.0,999.0,76.0,154.0
143,5,1401.5,689.5,83.0,229.0
143,9,558.0,360.0,60.0,204.0
143,15,906.5,300.5,59.0,187.0
143,16,435.0,866.5,100.0,269.0
143,27,1079.0,222.5,80.0,171.0
143,2,136.0,667.5,72.0,237.0
144,1,453.5,368.5,77.0,211.0
144,3,1757.0,562.0,72.0,208.0
144,4,1096.5,999.5,75.0,155.0
144,5,1401.0,691.5,84.0,231.0
144,9,557.5,361.5,59.0,201.0
144,15,904.0,300.0,60.0,188.0
144,16,435.0,862.5,98.0,267.0
144,27,1077.5,221.0,79.0,168.0
144,2,136.5,667.0,71.0,238.0
144,6,194.5,730.0,75.0,206.0
145,1,453.5,366.5,77.0,209.0
145,3,1757.0,562.0,72.0,208.0
145,4,1094.0,999.5,74.0,155.0
145,5,1402.5,688.0,79.0,222.0
145,9,557.5,362.5,59.0,201.0
145,15,902.0,297.0,58.0,184.0
145,16,436.0,856.5,96.0,263.0
145,27,1077.0,220.0,78.0,168.0
145,2,137.0,667.0,72.0,238.0
145,6,194.0,729.0,76.0,206.0
146,1,453.5,364.0,77.0,210.0
146,3,1757.0,562.5,72.0,209.0
146,4,1091.0,998.5,74.0,157.0
146,5,1400.5,685.0,79.0,218.0
146,9,558.0,361.5,60.0,203.0
146,15,899.5,297.5,59.0,185.0
146,16,437.5,851.0,93.0,256.0
146,27,1073.5,219.0,77.0,168.0
146,2,137.0,666.5,72.0,239.0
146,6,197.0,728.5,76.0,207.0
147,1,453.0,363.5,78.0,211.0
147,3,1757.0,562.0,72.0,208.0
147,4,1088.5,998.5,73.0,157.0
147,5,1399.0,684.5,80.0,219.0
147,9,558.0,363.0,60.0,204.0
147,15,898.5,296.5,59.0,185.0
147,16,438.5,846.5,93.0,255.0
147,27,1069.0,219.0,76.0,168.0
147,2,137.0,666.5,72.0,239.0
147,6,198.0,727.5,76.0,207.0
148,1,453.0,362.5,78.0,213.0
148,3,1756.5,562.0,71.0,208.0
148,4,1086.0,998.0,72.0,158.0
148,5,1399.0,688.0,82.0,226.0
148,9,558.0,364.5,60.0,203.0
148,15,898.0,297.0,60.0,188.0
148,16,439.5,844.0,93.0,254.0
148,27,1066.5,219.0,73.0,168.0
148,2,137.5,667.5,73.0,239.0
148,6,201.0,725.0,76.0,208.0
149,1,454.0,362.0,78.0,214.0
149,3,1756.5,561.5,71.0,207.0
149,4,1084.0,997.0,72.0,160.0
149,5,1400.0,690.5,84.0,231.0
149,9,560.0,366.5,60.0,203.0
149,15,897.0,296.5,60.0,189.0
149,16,441.0,842.0,94.0,256.0
149,27,1063.5,217.5,71.0,167.0
149,2,137.5,668.5,73.0,241.0
149,6,204.5,721.5,75.0,211.0
150,1,453.5,362.0,79.0,216.0
150,3,1756.5,561.0,71.0,208.0
150,4,1081.5,997.0,71.0,162.0
150,5,1399.5,688.0,83.0,226.0
150,9,561.0,368.5,60.0,203.0
150,15,896.0,295.5,60.0,189.0
150,16,442.5,841.0,95.0,258.0
150,27,1060.5,216.5,71.0,167.0
150,2,136.5,668.5,73.0,243.0
150,6,209.5,720.5,75.0,213.0
151,1,453.5,361.5,79.0,215.0
151,3,1756.5,561.0,71.0,208.0
151,4,1080.5,996.0,71.0,164.0
151,5,1399.5,686.0,81.0,222.0
151,9,560.0,371.0,60.0,202.0
151,15,894.0,296.5,60.0,189.0
151,16,444.0,840.0,96.0,262.0
151,27,1057.0,216.5,70.0,169.0
151,2,137.0,669.5,74.0,243.0
151,6,213.5,719.0,75.0,216.0
151,30,791.5,342.5,57.0,179.0
152,1,453.5,361.0,79.0,216.0
152,3,1757.0,561.0,72.0,208.0
152,4,1079.0,995.5,70.0,165.0
152,5,1401.5,685.5,79.0,217.0
152,9,559.5,372.5,59.0,201.0
152,15,893.0,298.0,60.0,190.0
152,16,444.5,839.0,97.0,262.0
152,27,1054.0,216.0,70.0,168.0
152,2,137.0,669.0,74.0,242.0
152,6,214.5,720.5,73.0,215.0
152,30,791.5,342.5,57.0,179.0
153,1,452.5,361.0,79.0,216.0
153,3,1756.0,561.0,72.0,208.0
153,4,1077.5,995.5,69.0,165.0
153,5,1400.0,685.0,80.0,218.0
153,9,559.5,373.5,59.0,201.0
153,15,892.5,299.0,61.0,190.0
153,16,445.5,837.5,97.0,263.0
153,27,1051.0,216.5,68.0,167.0
153,2,137.5,669.0,73.0,244.0
153,6,217.5,720.0,71.0,212.0
153,30,792.5,343.0,57.0,180.0
153,31,619.5,355.5,57.0,177.0
154,1,452.5,360.0,79.0,216.0
154,3,1756.0,562.0,72.0,208.0
154,4,1075.5,995.0,69.0,166.0
154,5,1400.0,688.5,82.0,225.0
154,9,559.0,374.0,58.0,198.0
154,15,891.0,298.5,62.0,189.0
154,16,447.0,836.0,100.0,266.0
154,2,137.5,669.0,73.0,244.0
154,6,220.5,719.0,71.0,212.0
154,30,791.5,343.5,59.0,185.0
154,31,620.5,357.5,57.0,179.0
155,1,452.5,359.5,79.0,217.0
155,3,1756.5,562.0,71.0,208.0
155,4,1074.0,994.5,68.0,167.0
155,5,1400.0,689.5,84.0,227.0
155,9,559.5,374.5,57.0,195.0
155,15,889.0,297.0,62.0,188.0
155,16,447.5,835.5,99.0,267.0
155,2,137.0,669.5,74.0,245.0
155,6,225.0,717.5,70.0,213.0
155,30,791.5,343.0,59.0,184.0
156,1,453.5,359.0,79.0,218.0
156,3,1756.5,562.0,71.0,208.0
156,4,1073.0,994.0,68.0,170.0
156,5,1400.5,691.0,85.0,230.0
156,9,561.5,373.5,57.0,197.0
156,15,888.5,295.5,63.0,187.0
156,16,448.0,834.0,100.0,268.0
156,27,1033.5,216.0,71.0,168.0
156,2,137.0,669.5,74.0,245.0
156,6,228.5,716.5,69.0,213.0
156,30,791.5,343.5,59.0,183.0
157,1,454.5,357.0,79.0,216.0
157,3,1757.0,562.0,72.0,208.0
157,4,1071.5,994.0,67.0,170.0
157,5,1400.5,692.0,85.0,232.0
157,9,561.5,373.0,57.0,198.0
157,15,887.5,293.5,63.0,187.0
157,16,447.5,833.0,101.0,270.0
157,27,1028.0,216.0,72.0,168.0
157,2,137.0,669.5,74.0,245.0
157,6,230.5,715.0,69.0,216.0
157,31,623.5,361.5,57.0,179.0
158,1,455.5,355.0,79.0,218.0
158,3,1757.0,562.5,72.0,209.0
158,4,1069.5,993.0,67.0,170.0
158,5,1401.5,693.0,87.0,236.0
158,9,561.0,371.5,58.0,201.0
158,15,887.0,292.0,64.0,188.0
158,16,447.5,831.5,101.0,271.0
158,2,137.0,669.5,74.0,245.0
158,6,231.0,712.0,68.0,214.0
158,31,623.5,362.5,57.0,177.0
159,1,455.5,353.5,79.0,217.0
159,3,1757.0,562.5,72.0,209.0
159,4,1067.5,993.0,67.0,170.0
159,5,1400.5,692.5,85.0,233.0
159,9,560.0,373.0,58.0,200.0
159,15,887.5,292.0,65.0,190.0
159,16,449.0,829.5,100.0,271.0
159,2,137.0,669.5,74.0,245.0
159,6,232.5,710.5,67.0,213.0
159,31,623.5,363.0,57.0,178.0
160,1,455.0,352.5,78.0,217.0
160,3,1757.0,563.0,72.0,208.0
160,4,1066.0,992.5,66.0,171.0
160,5,1400.0,692.5,84.0,229.0
160,9,560.0,374.0,58.0,200.0
160,15,887.0,292.5,66.0,193.0
160,16,449.0,825.5,98.0,267.0
160,27,1023.0,215.0,76.0,170.0
160,2,136.5,669.5,75.0,245.0
160,6,235.0,709.5,66.0,213.0
161,1,455.0,350.5,78.0,215.0
161,3,1757.0,563.5,72.0,209.0
161,4,1063.5,992.0,67.0,172.0
161,5,1400.0,692.5,84.0,229.0
161,9,560.5,376.0,59.0,202.0
161,15,886.0,291.5,66.0,191.0
161,16,449.0,819.0,96.0,260.0
161,2,137.0,670.0,74.0,246.0
161,6,237.0,707.5,64.0,211.0
162,1,454.5,348.5,77.0,213.0
162,3,1757.0,563.5,72.0,209.0
162,4,1062.0,991.5,66.0,173.0
162,5,1400.5,694.5,85.0,231.0
162,15,885.0,289.5,66.0,189.0
162,16,449.5,814.0,93.0,256.0
162,2,136.5,670.5,75.0,247.0
162,6,239.5,704.0,63.0,208.0
163,1,455.0,346.5,76.0,211.0
163,3,1757.0,564.5,72.0,209.0
163,4,1061.0,991.0,66.0,174.0
163,5,1400.5,694.5,85.0,231.0
163,15,885.0,287.5,66.0,187.0
163,16,450.0,810.5,92.0,253.0
163,2,136.0,671.0,74.0,246.0
163,6,242.5,701.0,63.0,206.0
164,1,455.0,346.0,76.0,210.0
164,3,1757.0,564.5,72.0,209.0
164,4,1059.5,991.5,65.0,175.0
164,5,1402.5,694.5,85.0,231.0
164,15,885.0,287.5,66.0,187.0
164,16,448.5,807.5,91.0,251.0
164,2,136.0,671.0,74.0,246.0
164,6,244.5,699.5,63.0,207.0
165,1,455.0,344.5,76.0,209.0
165,3,1757.0,563.5,72.0,209.0
165,4,1058.5,991.0,65.0,176.0
165,5,1402.0,694.0,84.0,228.0
165,15,885.5,286.5,67.0,187.0
165,16,446.5,806.5,93.0,255.0
165,2,136.0,671.0,74.0,246.0
165,6,245.5,697.5,63.0,207.0
166,1,455.0,345.5,76.0,209.0
166,3,1757.0,563.5,72.0,209.0
166,4,1057.5,991.5,65.0,175.0
166,15,885.5,286.0,67.0,186.0
166,16,445.5,805.5,93.0,257.0
166,2,136.0,671.0,74.0,244.0
166,6,248.0,696.5,64.0,207.0
167,1,455.0,345.0,76.0,210.0
167,3,1757.0,563.5,72.0,209.0
167,4,1057.0,991.0,64.0,174.0
167,15,885.5,284.5,67.0,185.0
167,16,445.0,805.0,94.0,258.0
167,2,136.0,671.0,74.0,244.0
167,6,249.5,695.5,65.0,211.0
168,1,454.5,344.5,77.0,211.0
168,3,1756.5,563.0,73.0,210.0
168,4,1055.0,991.5,64.0,173.0
168,15,887.5,283.0,67.0,184.0
168,16,444.0,805.5,94.0,259.0
168,2,136.0,671.0,74.0,244.0
168,6,253.5,694.0,67.0,212.0
169,1,454.5,344.5,77.0,211.0
169,3,1756.5,563.0,73.0,210.0
169,4,1053.0,991.5,64.0,173.0
169,15,888.0,283.0,66.0,182.0
169,16,443.5,805.5,95.0,259.0
169,2,136.0,670.5,74.0,245.0
169,6,257.5,692.5,69.0,213.0
170,1,455.5,344.0,77.0,212.0
170,3,1756.0,564.0,72.0,210.0
170,4,1050.5,991.5,63.0,171.0
170,15,888.5,281.5,67.0,183.0
170,16,443.5,805.0,95.0,260.0
170,2,135.5,671.0,75.0,246.0
170,6,258.5,692.0,69.0,214.0
170,30,783.5,356.0,65.0,196.0
171,1,455.5,344.0,77.0,212.0
171,3,1756.5,563.5,73.0,211.0
171,4,1049.5,992.0,63.0,170.0
171,15,889.5,282.0,67.0,184.0
171,16,442.5,803.0,95.0,260.0
171,2,135.5,671.0,75.0,246.0
171,6,258.5,691.0,71.0,214.0
171,30,782.5,356.0,65.0,196.0
172,1,456.0,344.5,78.0,213.0
172,3,1756.5,563.5,73.0,211.0
172,4,1047.0,992.0,62.0,168.0
172,15,890.5,281.5,67.0,183.0
172,16,443.0,800.0,96.0,262.0
172,2,135.5,671.0,75.0,246.0
172,6,258.5,690.5,71.0,215.0
172,30,782.5,356.5,65.0,197.0
173,1,456.0,344.0,78.0,212.0
173,3,1756.5,563.0,73.0,210.0
173,4,1044.5,992.5,61.0,167.0
173,5,1401.5,689.5,83.0,223.0
173,15,891.5,280.5,67.0,183.0
173,16,442.5,796.0,95.0,262.0
173,2,136.0,671.0,74.0,246.0
173,6,259.0,690.5,70.0,213.0
173,30,782.0,356.0,64.0,196.0
174,1,455.0,343.5,78.0,213.0
174,3,1756.5,562.5,73.0,211.0
174,4,1041.5,993.0,61.0,166.0
174,5,1401.0,691.5,84.0,227.0
174,15,893.5,279.5,67.0,185.0
174,16,443.0,793.5,96.0,263.0
174,2,136.0,671.0,74.0,246.0
174,6,260.5,689.5,69.0,213.0
174,30,780.5,356.5,63.0,193.0
175,1,454.5,343.0,77.0,212.0
175,3,1756.5,562.5,73.0,211.0
175,4,1039.0,993.5,60.0,165.0
175,5,1400.5,692.0,85.0,228.0
175,15,894.5,278.0,67.0,186.0
175,16,444.5,790.0,95.0,264.0
175,2,135.5,670.5,75.0,247.0
175,6,259.5,686.0,69.0,210.0
175,30,781.0,357.5,62.0,193.0
176,1,453.5,341.5,77.0,213.0
176,3,1756.0,562.5,72.0,211.0
176,4,1036.5,994.0,61.0,166.0
176,5,1401.0,692.5,84.0,229.0
176,15,895.5,276.0,67.0,188.0
176,16,446.5,785.0,93.0,262.0
176,2,135.5,671.0,75.0,246.0
176,6,261.5,682.5,69.0,211.0
176,30,780.0,359.5,62.0,195.0
177,1,453.5,340.5,77.0,213.0
177,3,1756.0,563.5,72.0,209.0
177,4,1035.0,994.5,60.0,165.0
177,5,1400.5,693.5,85.0,233.0
177,15,896.5,274.5,67.0,189.0
177,16,448.5,779.0,91.0,256.0
177,2,135.5,671.0,75.0,246.0
177,6,261.0,679.0,68.0,208.0
178,1,452.5,338.5,77.0,213.0
178,3,1756.5,563.0,73.0,210.0
178,4,1034.0,994.5,60.0,165.0
178,5,1400.5,693.5,85.0,233.0
178,9,551.0,384.0,68.0,218.0
178,15,897.5,270.5,67.0,187.0
178,16,449.5,775.5,89.0,251.0
178,2,135.0,670.5,74.0,245.0
178,6,261.5,675.5,67.0,205.0
178,32,45.0,724.5,90.0,233.0
179,1,452.0,337.0,76.0,212.0
179,3,1756.5,563.5,73.0,211.0
179,4,1032.0,994.5,60.0,163.0
179,5,1401.0,694.0,86.0,234.0
179,9,553.0,393.0,64.0,200.0
179,15,898.5,269.5,67.0,187.0
179,16,450.5,772.5,89.0,249.0
179,2,135.0,671.0,74.0,244.0
179,6,262.0,673.5,66.0,205.0
179,32,44.5,727.0,89.0,232.0
180,1,451.0,334.5,76.0,209.0
180,3,1756.5,563.5,73.0,211.0
180,4,1030.0,995.5,60.0,165.0
180,5,1401.0,693.0,86.0,234.0
180,9,553.0,396.0,62.0,194.0
180,15,900.5,268.0,67.0,188.0
180,16,452.0,771.0,88.0,248.0
180,2,135.0,671.0,74.0,244.0
180,6,263.5,671.5,67.0,205.0
180,30,780.5,364.5,59.0,189.0
180,32,47.0,729.5,88.0,229.0
181,1,451.5,332.0,75.0,208.0
181,3,1756.5,563.5,73.0,211.0
181,4,1028.5,996.0,59.0,164.0
181,5,1400.5,692.5,85.0,233.0
181,9,553.5,398.0,63.0,194.0
181,15,900.5,267.5,67.0,187.0
181,16,453.0,770.0,88.0,248.0
181,2,135.0,672.5,74.0,245.0
181,6,264.0,670.0,66.0,204.0
181,30,778.5,367.5,57.0,183.0
181,32,51.0,732.0,90.0,232.0
181,27,969.0,207.5,72.0,171.0
182,1,452.0,329.0,74.0,206.0
182,3,1756.5,563.5,73.0,211.0
182,4,1026.5,996.5,59.0,163.0
182,5,1400.0,692.0,84.0,232.0
182,15,902.5,267.0,67.0,188.0
182,16,454.0,768.5,88.0,249.0
182,2,134.5,672.5,73.0,245.0
182,6,264.0,668.0,66.0,204.0
182,30,780.0,369.5,58.0,185.0
182,32,53.0,735.5,92.0,239.0
183,1,452.0,328.0,74.0,206.0
183,3,1756.0,563.0,72.0,210.0
183,4,1024.5,997.0,59.0,164.0
183,5,1400.0,692.5,86.0,235.0
183,15,904.0,266.0,68.0,188.0
183,16,454.0,768.0,90.0,252.0
183,2,134.0,673.0,74.0,244.0
183,6,263.5,667.5,65.0,205.0
183,30,780.5,370.5,59.0,187.0
183,32,53.5,736.5,91.0,233.0
184,1,452.0,326.5,74.0,207.0
184,3,1756.0,563.0,72.0,210.0
184,4,1023.5,997.0,59.0,164.0
184,5,1400.0,692.0,86.0,236.0
184,9,553.5,392.5,69.0,217.0
184,15,904.0,266.0,68.0,188.0
184,16,454.5,767.5,89.0,251.0
184,2,133.5,672.5,73.0,243.0
184,6,264.0,667.5,66.0,207.0
184,30,782.0,372.0,60.0,188.0
184,32,56.5,736.0,91.0,232.0
185,1,453.0,325.0,74.0,208.0
185,3,1756.0,563.0,72.0,210.0
185,4,1021.0,997.0,58.0,162.0
185,5,1400.0,692.5,86.0,237.0
185,9,553.5,398.0,67.0,210.0
185,15,905.0,267.0,70.0,190.0
185,16,456.0,767.0,90.0,252.0
185,2,133.0,671.5,72.0,243.0
185,6,264.0,666.5,66.0,209.0
185,30,781.5,373.0,61.0,190.0
185,32,61.5,736.5,91.0,231.0
186,1,453.0,325.0,74.0,210.0
186,3,1756.0,562.5,72.0,209.0
186,4,1019.5,997.5,59.0,161.0
186,5,1401.0,693.0,88.0,240.0
186,9,554.0,400.0,66.0,206.0
186,15,905.0,266.5,70.0,189.0
186,16,456.5,766.0,91.0,254.0
186,2,132.0,670.5,72.0,241.0
186,6,263.0,664.5,66.0,207.0
186,30,782.5,373.5,61.0,191.0
186,31,632.5,387.5,59.0,207.0
186,32,63.5,737.0,91.0,230.0
187,1,453.5,324.5,75.0,211.0
187,3,1756.0,562.5,72.0,209.0
187,4,1017.5,997.5,59.0,161.0
187,5,1401.0,693.0,88.0,240.0
187,9,554.0,403.0,66.0,208.0
187,15,906.0,266.5,70.0,189.0
187,16,456.5,765.5,91.0,255.0
187,2,131.5,671.0,71.0,242.0
187,6,262.5,664.5,65.0,209.0
187,30,784.5,373.5,61.0,191.0
187,31,632.0,388.0,58.0,206.0
187,32,69.0,738.5,92.0,233.0
188,1,453.0,324.0,74.0,210.0
188,3,1755.5,562.5,71.0,209.0
188,4,1016.5,998.0,59.0,162.0
188,5,1401.5,692.0,89.0,242.0
188,9,554.0,404.5,66.0,207.0
188,15,906.5,266.5,71.0,189.0
188,16,457.0,763.5,92.0,257.0
188,2,131.0,671.0,72.0,242.0
188,6,262.0,663.5,66.0,211.0
188,30,785.5,375.0,63.0,192.0
188,31,631.5,388.5,57.0,203.0
188,32,72.5,739.0,95.0,238.0
189,1,452.5,323.5,75.0,211.0
189,3,1756.0,563.0,72.0,208.0
189,4,1015.0,998.5,58.0,161.0
189,5,1401.0,692.0,88.0,242.0
189,9,553.0,404.0,68.0,212.0
189,15,907.5,267.5,71.0,189.0
189,16,457.0,761.5,92.0,259.0
189,2,131.0,672.5,72.0,243.0
189,6,261.5,660.0,65.0,208.0
189,30,786.5,374.5,63.0,191.0
189,32,76.5,740.0,97.0,242.0
190,1,453.0,323.5,74.0,211.0
190,3,1756.0,562.5,72.0,209.0
190,4,1014.0,999.0,58.0,160.0
190,5,1402.5,692.0,89.0,244.0
190,9,553.5,403.0,69.0,216.0
190,15,909.0,266.5,72.0,189.0
190,16,456.5,759.5,93.0,259.0
190,6,260.5,656.5,65.0,207.0
190,30,786.0,375.0,64.0,192.0
190,31,632.0,390.0,56.0,198.0
190,32,79.0,744.0,98.0,244.0
191,1,453.0,323.0,74.0,210.0
191,3,1756.0,563.0,72.0,210.0
191,4,1012.5,999.0,57.0,158.0
191,5,1403.0,692.5,90.0,245.0
191,9,553.0,405.0,68.0,212.0
191,15,909.0,264.5,72.0,185.0
191,16,456.0,757.0,92.0,258.0
191,6,260.0,654.0,64.0,204.0
191,30,786.0,375.5,64.0,193.0
191,32,79.5,747.0,99.0,246.0
192,1,453.5,322.0,73.0,210.0
192,3,1755.5,563.0,73.0,210.0
192,4,1012.0,999.5,58.0,157.0
192,5,1403.0,692.5,90.0,245.0
192,9,553.0,403.5,68.0,213.0
192,15,910.0,263.5,72.0,183.0
192,16,455.0,751.5,90.0,255.0
192,6,259.5,651.5,63.0,201.0
192,30,786.0,377.0,64.0,194.0
192,32,79.5,748.5,97.0,243.0
193,1,454.0,321.5,72.0,209.0
193,3,1756.0,562.5,72.0,211.0
193,4,1011.5,999.5,57.0,157.0
193,9,552.5,405.5,69.0,211.0
193,15,911.0,260.5,72.0,183.0
193,16,455.0,746.0,88.0,250.0
193,2,129.0,644.0,60.0,194.0
193,6,259.5,650.0,63.0,200.0
193,30,785.0,380.0,66.0,198.0
193,32,83.5,749.5,95.0,237.0
194,1,455.0,321.0,72.0,208.0
194,3,1755.5,562.5,73.0,211.0
194,4,1011.5,999.5,57.0,157.0
194,5,1403.0,691.5,90.0,243.0
194,9,551.5,405.5,69.0,213.0
194,15,912.0,258.5,72.0,183.0
194,16,454.0,742.0,86.0,248.0
194,2,128.0,639.0,58.0,184.0
194,6,259.5,647.5,63.0,201.0
194,30,783.5,381.5,65.0,199.0
194,32,95.5,752.0,97.0,234.0
195,1,455.0,320.0,72.0,208.0
195,3,1755.5,562.0,73.0,210.0
195,4,1011.0,999.5,58.0,157.0
195,5,1402.5,690.0,89.0,242.0
195,9,550.0,405.0,70.0,214.0
195,15,912.5,255.5,71.0,181.0
195,16,453.0,739.5,86.0,247.0
195,2,127.5,636.5,59.0,181.0
195,6,258.5,646.5,63.0,203.0
195,30,784.0,383.5,66.0,199.0
195,32,100.5,753.0,97.0,230.0
196,1,456.0,318.5,72.0,209.0
196,3,1756.0,562.0,72.0,210.0
196,4,1009.5,999.5,59.0,157.0
196,5,1402.5,690.5,89.0,243.0
196,9,551.0,407.0,70.0,212.0
196,15,913.5,254.0,71.0,180.0
196,16,451.0,736.5,86.0,247.0
196,2,128.0,636.0,60.0,180.0
196,6,258.0,646.0,64.0,204.0
196,30,784.0,385.0,66.0,198.0
196,31,630.5,399.5,53.0,181.0
196,32,103.5,752.0,97.0,226.0
197,1,456.5,317.5,73.0,211.0
197,3,1756.0,562.5,72.0,209.0
197,4,1008.0,999.0,58.0,156.0
197,5,1403.0,691.5,90.0,245.0
197,9,549.0,409.5,70.0,211.0
197,15,915.0,252.5,70.0,179.0
197,16,449.5,734.0,85.0,248.0
197,6,257.5,645.0,65.0,206.0
197,30,784.5,385.5,65.0,197.0
197,31,630.5,400.5,53.0,179.0
197,32,107.0,755.0,102.0,234.0
198,1,458.0,316.0,72.0,210.0
198,3,1756.0,562.5,72.0,209.0
198,4,1005.5,999.5,59.0,157.0
198,5,1402.0,691.0,90.0,244.0
198,9,548.5,412.0,71.0,212.0
198,15,916.0,251.0,70.0,180.0
198,16,447.5,733.0,87.0,248.0
198,6,257.5,645.0,65.0,208.0
198,30,785.0,388.0,66.0,198.0
198,31,630.5,404.5,51.0,173.0
198,32,109.5,757.5,101.0,233.0
198,33,1190.5,232.5,59.0,177.0
199,1,458.0,314.0,72.0,208.0
199,3,1756.0,562.0,72.0,210.0
199,4,1005.5,998.5,59.0,157.0
199,5,1401.5,691.5,91.0,245.0
199,9,548.5,414.0,71.0,210.0
199,15,918.0,250.0,70.0,182.0
199,16,446.5,732.0,87.0,248.0
199,6,257.0,644.5,66.0,209.0
199,30,785.0,390.0,66.0,198.0
199,31,630.5,405.0,51.0,170.0
199,32,111.0,762.0,102.0,234.0
199,33,1189.5,232.0,59.0,178.0
200,1,459.0,311.5,72.0,207.0
200,3,1756.0,561.5,72.0,209.0
200,4,1004.0,998.0,60.0,158.0
200,5,1401.5,691.0,91.0,246.0
200,9,548.0,416.5,72.0,211.0
200,15,918.5,249.5,71.0,183.0
200,16,446.5,731.5,87.0,249.0
200,6,256.5,643.5,65.0,209.0
200,30,784.5,390.5,67.0,199.0
200,31,630.5,406.5,51.0,169.0
200,32,112.0,763.5,102.0,233.0
